ISO-10303-21;
HEADER;
/* Generated by software containing ST-Developer
 * from STEP Tools, Inc. (www.steptools.com) 
 */

FILE_DESCRIPTION(
/* description */ (''),
/* implementation_level */ '2;1');

FILE_NAME(
/* name */ 'NumPad.step',
/* time_stamp */ '2026-09-26T16:58:02+10:00',
/* author */ (''),
/* organization */ (''),
/* preprocessor_version */ 'ST-DEVELOPER v20.2',
/* originating_system */ 'Autodesk Translation Framework v15.15.0.0',
/* authorisation */ '');

FILE_SCHEMA (('AUTOMOTIVE_DESIGN { 1 0 10303 214 3 1 1 }'));
ENDSEC;

DATA;
#10=MECHANICAL_DESIGN_GEOMETRIC_PRESENTATION_REPRESENTATION('',(#13,#14,
#15,#16,#17),#3861);
#11=SHAPE_REPRESENTATION_RELATIONSHIP('SRR','None',#3868,#12);
#12=ADVANCED_BREP_SHAPE_REPRESENTATION('',(#18,#19,#20,#21,#22),#3860);
#13=STYLED_ITEM('',(#3877),#18);
#14=STYLED_ITEM('',(#3877),#19);
#15=STYLED_ITEM('',(#3877),#20);
#16=STYLED_ITEM('',(#3877),#21);
#17=STYLED_ITEM('',(#3877),#22);
#18=MANIFOLD_SOLID_BREP('Body1',#2321);
#19=MANIFOLD_SOLID_BREP('Body2',#2322);
#20=MANIFOLD_SOLID_BREP('Body3',#2323);
#21=MANIFOLD_SOLID_BREP('Body4',#2324);
#22=MANIFOLD_SOLID_BREP('Body5',#2325);
#23=CYLINDRICAL_SURFACE('',#2349,1.45);
#24=CYLINDRICAL_SURFACE('',#2351,1.45);
#25=CYLINDRICAL_SURFACE('',#2353,1.45);
#26=CYLINDRICAL_SURFACE('',#2355,1.45);
#27=CYLINDRICAL_SURFACE('',#2363,0.5);
#28=CYLINDRICAL_SURFACE('',#2367,0.499999999999998);
#29=CYLINDRICAL_SURFACE('',#2371,0.500000000000003);
#30=CYLINDRICAL_SURFACE('',#2375,0.5);
#31=CYLINDRICAL_SURFACE('',#2379,0.499999999999998);
#32=CYLINDRICAL_SURFACE('',#2383,0.499999999999998);
#33=CYLINDRICAL_SURFACE('',#2387,0.5);
#34=CYLINDRICAL_SURFACE('',#2391,0.5);
#35=CYLINDRICAL_SURFACE('',#2395,0.499999999999998);
#36=CYLINDRICAL_SURFACE('',#2399,0.499999999999998);
#37=CYLINDRICAL_SURFACE('',#2403,0.500000000000007);
#38=CYLINDRICAL_SURFACE('',#2407,0.5);
#39=CYLINDRICAL_SURFACE('',#2417,0.5);
#40=CYLINDRICAL_SURFACE('',#2421,0.499999999999998);
#41=CYLINDRICAL_SURFACE('',#2425,0.500000000000003);
#42=CYLINDRICAL_SURFACE('',#2429,0.5);
#43=CYLINDRICAL_SURFACE('',#2433,0.499999999999998);
#44=CYLINDRICAL_SURFACE('',#2437,0.499999999999998);
#45=CYLINDRICAL_SURFACE('',#2441,0.5);
#46=CYLINDRICAL_SURFACE('',#2445,0.5);
#47=CYLINDRICAL_SURFACE('',#2449,0.499999999999998);
#48=CYLINDRICAL_SURFACE('',#2453,0.499999999999998);
#49=CYLINDRICAL_SURFACE('',#2457,0.500000000000007);
#50=CYLINDRICAL_SURFACE('',#2461,0.5);
#51=CYLINDRICAL_SURFACE('',#2471,0.5);
#52=CYLINDRICAL_SURFACE('',#2475,0.499999999999998);
#53=CYLINDRICAL_SURFACE('',#2479,0.500000000000003);
#54=CYLINDRICAL_SURFACE('',#2483,0.5);
#55=CYLINDRICAL_SURFACE('',#2487,0.499999999999998);
#56=CYLINDRICAL_SURFACE('',#2491,0.499999999999998);
#57=CYLINDRICAL_SURFACE('',#2495,0.5);
#58=CYLINDRICAL_SURFACE('',#2499,0.5);
#59=CYLINDRICAL_SURFACE('',#2503,0.499999999999998);
#60=CYLINDRICAL_SURFACE('',#2507,0.499999999999998);
#61=CYLINDRICAL_SURFACE('',#2511,0.500000000000007);
#62=CYLINDRICAL_SURFACE('',#2515,0.5);
#63=CYLINDRICAL_SURFACE('',#2535,1.45);
#64=CYLINDRICAL_SURFACE('',#2537,1.45);
#65=CYLINDRICAL_SURFACE('',#2539,1.45);
#66=CYLINDRICAL_SURFACE('',#2541,1.45);
#67=FACE_BOUND('',#312,.T.);
#68=FACE_BOUND('',#313,.T.);
#69=FACE_BOUND('',#314,.T.);
#70=FACE_BOUND('',#315,.T.);
#71=FACE_BOUND('',#330,.T.);
#72=FACE_BOUND('',#331,.T.);
#73=FACE_BOUND('',#332,.T.);
#74=FACE_BOUND('',#333,.T.);
#75=FACE_BOUND('',#334,.T.);
#76=FACE_BOUND('',#364,.T.);
#77=FACE_BOUND('',#365,.T.);
#78=FACE_BOUND('',#366,.T.);
#79=FACE_BOUND('',#368,.T.);
#80=FACE_BOUND('',#369,.T.);
#81=FACE_BOUND('',#370,.T.);
#82=FACE_BOUND('',#400,.T.);
#83=FACE_BOUND('',#401,.T.);
#84=FACE_BOUND('',#402,.T.);
#85=FACE_BOUND('',#404,.T.);
#86=FACE_BOUND('',#405,.T.);
#87=FACE_BOUND('',#406,.T.);
#88=FACE_BOUND('',#436,.T.);
#89=FACE_BOUND('',#437,.T.);
#90=FACE_BOUND('',#438,.T.);
#91=FACE_BOUND('',#440,.T.);
#92=FACE_BOUND('',#441,.T.);
#93=FACE_BOUND('',#442,.T.);
#94=FACE_BOUND('',#444,.T.);
#95=FACE_BOUND('',#445,.T.);
#96=FACE_BOUND('',#446,.T.);
#97=FACE_BOUND('',#447,.T.);
#98=FACE_BOUND('',#448,.T.);
#99=FACE_BOUND('',#462,.T.);
#100=FACE_BOUND('',#463,.T.);
#101=FACE_BOUND('',#464,.T.);
#102=FACE_BOUND('',#465,.T.);
#103=FACE_BOUND('',#466,.T.);
#104=CIRCLE('',#2340,1.45);
#105=CIRCLE('',#2341,1.45);
#106=CIRCLE('',#2342,1.45);
#107=CIRCLE('',#2343,1.45);
#108=CIRCLE('',#2350,1.45);
#109=CIRCLE('',#2352,1.45);
#110=CIRCLE('',#2354,1.45);
#111=CIRCLE('',#2356,1.45);
#112=CIRCLE('',#2364,0.5);
#113=CIRCLE('',#2365,0.5);
#114=CIRCLE('',#2368,0.499999999999998);
#115=CIRCLE('',#2369,0.499999999999998);
#116=CIRCLE('',#2372,0.500000000000003);
#117=CIRCLE('',#2373,0.500000000000003);
#118=CIRCLE('',#2376,0.5);
#119=CIRCLE('',#2377,0.5);
#120=CIRCLE('',#2380,0.499999999999998);
#121=CIRCLE('',#2381,0.499999999999998);
#122=CIRCLE('',#2384,0.499999999999998);
#123=CIRCLE('',#2385,0.499999999999998);
#124=CIRCLE('',#2388,0.5);
#125=CIRCLE('',#2389,0.5);
#126=CIRCLE('',#2392,0.5);
#127=CIRCLE('',#2393,0.5);
#128=CIRCLE('',#2396,0.499999999999998);
#129=CIRCLE('',#2397,0.499999999999998);
#130=CIRCLE('',#2400,0.499999999999998);
#131=CIRCLE('',#2401,0.499999999999998);
#132=CIRCLE('',#2404,0.500000000000007);
#133=CIRCLE('',#2405,0.500000000000007);
#134=CIRCLE('',#2408,0.5);
#135=CIRCLE('',#2409,0.5);
#136=CIRCLE('',#2418,0.5);
#137=CIRCLE('',#2419,0.5);
#138=CIRCLE('',#2422,0.499999999999998);
#139=CIRCLE('',#2423,0.499999999999998);
#140=CIRCLE('',#2426,0.500000000000003);
#141=CIRCLE('',#2427,0.500000000000003);
#142=CIRCLE('',#2430,0.5);
#143=CIRCLE('',#2431,0.5);
#144=CIRCLE('',#2434,0.499999999999998);
#145=CIRCLE('',#2435,0.499999999999998);
#146=CIRCLE('',#2438,0.499999999999998);
#147=CIRCLE('',#2439,0.499999999999998);
#148=CIRCLE('',#2442,0.5);
#149=CIRCLE('',#2443,0.5);
#150=CIRCLE('',#2446,0.5);
#151=CIRCLE('',#2447,0.5);
#152=CIRCLE('',#2450,0.499999999999998);
#153=CIRCLE('',#2451,0.499999999999998);
#154=CIRCLE('',#2454,0.499999999999998);
#155=CIRCLE('',#2455,0.499999999999998);
#156=CIRCLE('',#2458,0.500000000000007);
#157=CIRCLE('',#2459,0.500000000000007);
#158=CIRCLE('',#2462,0.5);
#159=CIRCLE('',#2463,0.5);
#160=CIRCLE('',#2472,0.5);
#161=CIRCLE('',#2473,0.5);
#162=CIRCLE('',#2476,0.499999999999998);
#163=CIRCLE('',#2477,0.499999999999998);
#164=CIRCLE('',#2480,0.500000000000003);
#165=CIRCLE('',#2481,0.500000000000003);
#166=CIRCLE('',#2484,0.5);
#167=CIRCLE('',#2485,0.5);
#168=CIRCLE('',#2488,0.499999999999998);
#169=CIRCLE('',#2489,0.499999999999998);
#170=CIRCLE('',#2492,0.499999999999998);
#171=CIRCLE('',#2493,0.499999999999998);
#172=CIRCLE('',#2496,0.5);
#173=CIRCLE('',#2497,0.5);
#174=CIRCLE('',#2500,0.5);
#175=CIRCLE('',#2501,0.5);
#176=CIRCLE('',#2504,0.499999999999998);
#177=CIRCLE('',#2505,0.499999999999998);
#178=CIRCLE('',#2508,0.499999999999998);
#179=CIRCLE('',#2509,0.499999999999998);
#180=CIRCLE('',#2512,0.500000000000007);
#181=CIRCLE('',#2513,0.500000000000007);
#182=CIRCLE('',#2516,0.5);
#183=CIRCLE('',#2517,0.5);
#184=CIRCLE('',#2525,1.45);
#185=CIRCLE('',#2526,1.45);
#186=CIRCLE('',#2527,1.45);
#187=CIRCLE('',#2528,1.45);
#188=CIRCLE('',#2536,1.45);
#189=CIRCLE('',#2538,1.45);
#190=CIRCLE('',#2540,1.45);
#191=CIRCLE('',#2542,1.45);
#192=FACE_OUTER_BOUND('',#311,.T.);
#193=FACE_OUTER_BOUND('',#316,.T.);
#194=FACE_OUTER_BOUND('',#317,.T.);
#195=FACE_OUTER_BOUND('',#318,.T.);
#196=FACE_OUTER_BOUND('',#319,.T.);
#197=FACE_OUTER_BOUND('',#320,.T.);
#198=FACE_OUTER_BOUND('',#321,.T.);
#199=FACE_OUTER_BOUND('',#322,.T.);
#200=FACE_OUTER_BOUND('',#323,.T.);
#201=FACE_OUTER_BOUND('',#324,.T.);
#202=FACE_OUTER_BOUND('',#325,.T.);
#203=FACE_OUTER_BOUND('',#326,.T.);
#204=FACE_OUTER_BOUND('',#327,.T.);
#205=FACE_OUTER_BOUND('',#328,.T.);
#206=FACE_OUTER_BOUND('',#329,.T.);
#207=FACE_OUTER_BOUND('',#335,.T.);
#208=FACE_OUTER_BOUND('',#336,.T.);
#209=FACE_OUTER_BOUND('',#337,.T.);
#210=FACE_OUTER_BOUND('',#338,.T.);
#211=FACE_OUTER_BOUND('',#339,.T.);
#212=FACE_OUTER_BOUND('',#340,.T.);
#213=FACE_OUTER_BOUND('',#341,.T.);
#214=FACE_OUTER_BOUND('',#342,.T.);
#215=FACE_OUTER_BOUND('',#343,.T.);
#216=FACE_OUTER_BOUND('',#344,.T.);
#217=FACE_OUTER_BOUND('',#345,.T.);
#218=FACE_OUTER_BOUND('',#346,.T.);
#219=FACE_OUTER_BOUND('',#347,.T.);
#220=FACE_OUTER_BOUND('',#348,.T.);
#221=FACE_OUTER_BOUND('',#349,.T.);
#222=FACE_OUTER_BOUND('',#350,.T.);
#223=FACE_OUTER_BOUND('',#351,.T.);
#224=FACE_OUTER_BOUND('',#352,.T.);
#225=FACE_OUTER_BOUND('',#353,.T.);
#226=FACE_OUTER_BOUND('',#354,.T.);
#227=FACE_OUTER_BOUND('',#355,.T.);
#228=FACE_OUTER_BOUND('',#356,.T.);
#229=FACE_OUTER_BOUND('',#357,.T.);
#230=FACE_OUTER_BOUND('',#358,.T.);
#231=FACE_OUTER_BOUND('',#359,.T.);
#232=FACE_OUTER_BOUND('',#360,.T.);
#233=FACE_OUTER_BOUND('',#361,.T.);
#234=FACE_OUTER_BOUND('',#362,.T.);
#235=FACE_OUTER_BOUND('',#363,.T.);
#236=FACE_OUTER_BOUND('',#367,.T.);
#237=FACE_OUTER_BOUND('',#371,.T.);
#238=FACE_OUTER_BOUND('',#372,.T.);
#239=FACE_OUTER_BOUND('',#373,.T.);
#240=FACE_OUTER_BOUND('',#374,.T.);
#241=FACE_OUTER_BOUND('',#375,.T.);
#242=FACE_OUTER_BOUND('',#376,.T.);
#243=FACE_OUTER_BOUND('',#377,.T.);
#244=FACE_OUTER_BOUND('',#378,.T.);
#245=FACE_OUTER_BOUND('',#379,.T.);
#246=FACE_OUTER_BOUND('',#380,.T.);
#247=FACE_OUTER_BOUND('',#381,.T.);
#248=FACE_OUTER_BOUND('',#382,.T.);
#249=FACE_OUTER_BOUND('',#383,.T.);
#250=FACE_OUTER_BOUND('',#384,.T.);
#251=FACE_OUTER_BOUND('',#385,.T.);
#252=FACE_OUTER_BOUND('',#386,.T.);
#253=FACE_OUTER_BOUND('',#387,.T.);
#254=FACE_OUTER_BOUND('',#388,.T.);
#255=FACE_OUTER_BOUND('',#389,.T.);
#256=FACE_OUTER_BOUND('',#390,.T.);
#257=FACE_OUTER_BOUND('',#391,.T.);
#258=FACE_OUTER_BOUND('',#392,.T.);
#259=FACE_OUTER_BOUND('',#393,.T.);
#260=FACE_OUTER_BOUND('',#394,.T.);
#261=FACE_OUTER_BOUND('',#395,.T.);
#262=FACE_OUTER_BOUND('',#396,.T.);
#263=FACE_OUTER_BOUND('',#397,.T.);
#264=FACE_OUTER_BOUND('',#398,.T.);
#265=FACE_OUTER_BOUND('',#399,.T.);
#266=FACE_OUTER_BOUND('',#403,.T.);
#267=FACE_OUTER_BOUND('',#407,.T.);
#268=FACE_OUTER_BOUND('',#408,.T.);
#269=FACE_OUTER_BOUND('',#409,.T.);
#270=FACE_OUTER_BOUND('',#410,.T.);
#271=FACE_OUTER_BOUND('',#411,.T.);
#272=FACE_OUTER_BOUND('',#412,.T.);
#273=FACE_OUTER_BOUND('',#413,.T.);
#274=FACE_OUTER_BOUND('',#414,.T.);
#275=FACE_OUTER_BOUND('',#415,.T.);
#276=FACE_OUTER_BOUND('',#416,.T.);
#277=FACE_OUTER_BOUND('',#417,.T.);
#278=FACE_OUTER_BOUND('',#418,.T.);
#279=FACE_OUTER_BOUND('',#419,.T.);
#280=FACE_OUTER_BOUND('',#420,.T.);
#281=FACE_OUTER_BOUND('',#421,.T.);
#282=FACE_OUTER_BOUND('',#422,.T.);
#283=FACE_OUTER_BOUND('',#423,.T.);
#284=FACE_OUTER_BOUND('',#424,.T.);
#285=FACE_OUTER_BOUND('',#425,.T.);
#286=FACE_OUTER_BOUND('',#426,.T.);
#287=FACE_OUTER_BOUND('',#427,.T.);
#288=FACE_OUTER_BOUND('',#428,.T.);
#289=FACE_OUTER_BOUND('',#429,.T.);
#290=FACE_OUTER_BOUND('',#430,.T.);
#291=FACE_OUTER_BOUND('',#431,.T.);
#292=FACE_OUTER_BOUND('',#432,.T.);
#293=FACE_OUTER_BOUND('',#433,.T.);
#294=FACE_OUTER_BOUND('',#434,.T.);
#295=FACE_OUTER_BOUND('',#435,.T.);
#296=FACE_OUTER_BOUND('',#439,.T.);
#297=FACE_OUTER_BOUND('',#443,.T.);
#298=FACE_OUTER_BOUND('',#449,.T.);
#299=FACE_OUTER_BOUND('',#450,.T.);
#300=FACE_OUTER_BOUND('',#451,.T.);
#301=FACE_OUTER_BOUND('',#452,.T.);
#302=FACE_OUTER_BOUND('',#453,.T.);
#303=FACE_OUTER_BOUND('',#454,.T.);
#304=FACE_OUTER_BOUND('',#455,.T.);
#305=FACE_OUTER_BOUND('',#456,.T.);
#306=FACE_OUTER_BOUND('',#457,.T.);
#307=FACE_OUTER_BOUND('',#458,.T.);
#308=FACE_OUTER_BOUND('',#459,.T.);
#309=FACE_OUTER_BOUND('',#460,.T.);
#310=FACE_OUTER_BOUND('',#461,.T.);
#311=EDGE_LOOP('',(#1479,#1480,#1481,#1482));
#312=EDGE_LOOP('',(#1483));
#313=EDGE_LOOP('',(#1484));
#314=EDGE_LOOP('',(#1485));
#315=EDGE_LOOP('',(#1486));
#316=EDGE_LOOP('',(#1487,#1488,#1489,#1490));
#317=EDGE_LOOP('',(#1491,#1492,#1493,#1494));
#318=EDGE_LOOP('',(#1495,#1496,#1497,#1498));
#319=EDGE_LOOP('',(#1499,#1500,#1501,#1502));
#320=EDGE_LOOP('',(#1503,#1504,#1505,#1506));
#321=EDGE_LOOP('',(#1507,#1508,#1509,#1510));
#322=EDGE_LOOP('',(#1511,#1512,#1513,#1514));
#323=EDGE_LOOP('',(#1515,#1516,#1517,#1518));
#324=EDGE_LOOP('',(#1519,#1520,#1521,#1522));
#325=EDGE_LOOP('',(#1523,#1524,#1525,#1526));
#326=EDGE_LOOP('',(#1527,#1528,#1529,#1530));
#327=EDGE_LOOP('',(#1531,#1532,#1533,#1534));
#328=EDGE_LOOP('',(#1535,#1536,#1537,#1538));
#329=EDGE_LOOP('',(#1539,#1540,#1541,#1542));
#330=EDGE_LOOP('',(#1543,#1544,#1545,#1546));
#331=EDGE_LOOP('',(#1547));
#332=EDGE_LOOP('',(#1548));
#333=EDGE_LOOP('',(#1549));
#334=EDGE_LOOP('',(#1550));
#335=EDGE_LOOP('',(#1551,#1552,#1553,#1554));
#336=EDGE_LOOP('',(#1555,#1556,#1557,#1558));
#337=EDGE_LOOP('',(#1559,#1560,#1561,#1562));
#338=EDGE_LOOP('',(#1563,#1564,#1565,#1566));
#339=EDGE_LOOP('',(#1567,#1568,#1569,#1570));
#340=EDGE_LOOP('',(#1571,#1572,#1573,#1574));
#341=EDGE_LOOP('',(#1575,#1576,#1577,#1578));
#342=EDGE_LOOP('',(#1579,#1580,#1581,#1582));
#343=EDGE_LOOP('',(#1583,#1584,#1585,#1586));
#344=EDGE_LOOP('',(#1587,#1588,#1589,#1590));
#345=EDGE_LOOP('',(#1591,#1592,#1593,#1594));
#346=EDGE_LOOP('',(#1595,#1596,#1597,#1598));
#347=EDGE_LOOP('',(#1599,#1600,#1601,#1602));
#348=EDGE_LOOP('',(#1603,#1604,#1605,#1606));
#349=EDGE_LOOP('',(#1607,#1608,#1609,#1610));
#350=EDGE_LOOP('',(#1611,#1612,#1613,#1614));
#351=EDGE_LOOP('',(#1615,#1616,#1617,#1618));
#352=EDGE_LOOP('',(#1619,#1620,#1621,#1622));
#353=EDGE_LOOP('',(#1623,#1624,#1625,#1626));
#354=EDGE_LOOP('',(#1627,#1628,#1629,#1630));
#355=EDGE_LOOP('',(#1631,#1632,#1633,#1634));
#356=EDGE_LOOP('',(#1635,#1636,#1637,#1638));
#357=EDGE_LOOP('',(#1639,#1640,#1641,#1642));
#358=EDGE_LOOP('',(#1643,#1644,#1645,#1646));
#359=EDGE_LOOP('',(#1647,#1648,#1649,#1650));
#360=EDGE_LOOP('',(#1651,#1652,#1653,#1654));
#361=EDGE_LOOP('',(#1655,#1656,#1657,#1658));
#362=EDGE_LOOP('',(#1659,#1660,#1661,#1662));
#363=EDGE_LOOP('',(#1663,#1664,#1665,#1666));
#364=EDGE_LOOP('',(#1667,#1668,#1669,#1670,#1671,#1672,#1673,#1674));
#365=EDGE_LOOP('',(#1675,#1676,#1677,#1678,#1679,#1680,#1681,#1682));
#366=EDGE_LOOP('',(#1683,#1684,#1685,#1686,#1687,#1688,#1689,#1690));
#367=EDGE_LOOP('',(#1691,#1692,#1693,#1694));
#368=EDGE_LOOP('',(#1695,#1696,#1697,#1698,#1699,#1700,#1701,#1702));
#369=EDGE_LOOP('',(#1703,#1704,#1705,#1706,#1707,#1708,#1709,#1710));
#370=EDGE_LOOP('',(#1711,#1712,#1713,#1714,#1715,#1716,#1717,#1718));
#371=EDGE_LOOP('',(#1719,#1720,#1721,#1722));
#372=EDGE_LOOP('',(#1723,#1724,#1725,#1726));
#373=EDGE_LOOP('',(#1727,#1728,#1729,#1730));
#374=EDGE_LOOP('',(#1731,#1732,#1733,#1734));
#375=EDGE_LOOP('',(#1735,#1736,#1737,#1738));
#376=EDGE_LOOP('',(#1739,#1740,#1741,#1742));
#377=EDGE_LOOP('',(#1743,#1744,#1745,#1746));
#378=EDGE_LOOP('',(#1747,#1748,#1749,#1750));
#379=EDGE_LOOP('',(#1751,#1752,#1753,#1754));
#380=EDGE_LOOP('',(#1755,#1756,#1757,#1758));
#381=EDGE_LOOP('',(#1759,#1760,#1761,#1762));
#382=EDGE_LOOP('',(#1763,#1764,#1765,#1766));
#383=EDGE_LOOP('',(#1767,#1768,#1769,#1770));
#384=EDGE_LOOP('',(#1771,#1772,#1773,#1774));
#385=EDGE_LOOP('',(#1775,#1776,#1777,#1778));
#386=EDGE_LOOP('',(#1779,#1780,#1781,#1782));
#387=EDGE_LOOP('',(#1783,#1784,#1785,#1786));
#388=EDGE_LOOP('',(#1787,#1788,#1789,#1790));
#389=EDGE_LOOP('',(#1791,#1792,#1793,#1794));
#390=EDGE_LOOP('',(#1795,#1796,#1797,#1798));
#391=EDGE_LOOP('',(#1799,#1800,#1801,#1802));
#392=EDGE_LOOP('',(#1803,#1804,#1805,#1806));
#393=EDGE_LOOP('',(#1807,#1808,#1809,#1810));
#394=EDGE_LOOP('',(#1811,#1812,#1813,#1814));
#395=EDGE_LOOP('',(#1815,#1816,#1817,#1818));
#396=EDGE_LOOP('',(#1819,#1820,#1821,#1822));
#397=EDGE_LOOP('',(#1823,#1824,#1825,#1826));
#398=EDGE_LOOP('',(#1827,#1828,#1829,#1830));
#399=EDGE_LOOP('',(#1831,#1832,#1833,#1834));
#400=EDGE_LOOP('',(#1835,#1836,#1837,#1838,#1839,#1840,#1841,#1842));
#401=EDGE_LOOP('',(#1843,#1844,#1845,#1846,#1847,#1848,#1849,#1850));
#402=EDGE_LOOP('',(#1851,#1852,#1853,#1854,#1855,#1856,#1857,#1858));
#403=EDGE_LOOP('',(#1859,#1860,#1861,#1862));
#404=EDGE_LOOP('',(#1863,#1864,#1865,#1866,#1867,#1868,#1869,#1870));
#405=EDGE_LOOP('',(#1871,#1872,#1873,#1874,#1875,#1876,#1877,#1878));
#406=EDGE_LOOP('',(#1879,#1880,#1881,#1882,#1883,#1884,#1885,#1886));
#407=EDGE_LOOP('',(#1887,#1888,#1889,#1890));
#408=EDGE_LOOP('',(#1891,#1892,#1893,#1894));
#409=EDGE_LOOP('',(#1895,#1896,#1897,#1898));
#410=EDGE_LOOP('',(#1899,#1900,#1901,#1902));
#411=EDGE_LOOP('',(#1903,#1904,#1905,#1906));
#412=EDGE_LOOP('',(#1907,#1908,#1909,#1910));
#413=EDGE_LOOP('',(#1911,#1912,#1913,#1914));
#414=EDGE_LOOP('',(#1915,#1916,#1917,#1918));
#415=EDGE_LOOP('',(#1919,#1920,#1921,#1922));
#416=EDGE_LOOP('',(#1923,#1924,#1925,#1926));
#417=EDGE_LOOP('',(#1927,#1928,#1929,#1930));
#418=EDGE_LOOP('',(#1931,#1932,#1933,#1934));
#419=EDGE_LOOP('',(#1935,#1936,#1937,#1938));
#420=EDGE_LOOP('',(#1939,#1940,#1941,#1942));
#421=EDGE_LOOP('',(#1943,#1944,#1945,#1946));
#422=EDGE_LOOP('',(#1947,#1948,#1949,#1950));
#423=EDGE_LOOP('',(#1951,#1952,#1953,#1954));
#424=EDGE_LOOP('',(#1955,#1956,#1957,#1958));
#425=EDGE_LOOP('',(#1959,#1960,#1961,#1962));
#426=EDGE_LOOP('',(#1963,#1964,#1965,#1966));
#427=EDGE_LOOP('',(#1967,#1968,#1969,#1970));
#428=EDGE_LOOP('',(#1971,#1972,#1973,#1974));
#429=EDGE_LOOP('',(#1975,#1976,#1977,#1978));
#430=EDGE_LOOP('',(#1979,#1980,#1981,#1982));
#431=EDGE_LOOP('',(#1983,#1984,#1985,#1986));
#432=EDGE_LOOP('',(#1987,#1988,#1989,#1990));
#433=EDGE_LOOP('',(#1991,#1992,#1993,#1994));
#434=EDGE_LOOP('',(#1995,#1996,#1997,#1998));
#435=EDGE_LOOP('',(#1999,#2000,#2001,#2002));
#436=EDGE_LOOP('',(#2003,#2004,#2005,#2006,#2007,#2008,#2009,#2010));
#437=EDGE_LOOP('',(#2011,#2012,#2013,#2014,#2015,#2016,#2017,#2018));
#438=EDGE_LOOP('',(#2019,#2020,#2021,#2022,#2023,#2024,#2025,#2026));
#439=EDGE_LOOP('',(#2027,#2028,#2029,#2030));
#440=EDGE_LOOP('',(#2031,#2032,#2033,#2034,#2035,#2036,#2037,#2038));
#441=EDGE_LOOP('',(#2039,#2040,#2041,#2042,#2043,#2044,#2045,#2046));
#442=EDGE_LOOP('',(#2047,#2048,#2049,#2050,#2051,#2052,#2053,#2054));
#443=EDGE_LOOP('',(#2055,#2056,#2057,#2058));
#444=EDGE_LOOP('',(#2059));
#445=EDGE_LOOP('',(#2060));
#446=EDGE_LOOP('',(#2061));
#447=EDGE_LOOP('',(#2062));
#448=EDGE_LOOP('',(#2063,#2064,#2065,#2066));
#449=EDGE_LOOP('',(#2067,#2068,#2069,#2070));
#450=EDGE_LOOP('',(#2071,#2072,#2073,#2074));
#451=EDGE_LOOP('',(#2075,#2076,#2077,#2078));
#452=EDGE_LOOP('',(#2079,#2080,#2081,#2082));
#453=EDGE_LOOP('',(#2083,#2084,#2085,#2086));
#454=EDGE_LOOP('',(#2087,#2088,#2089,#2090));
#455=EDGE_LOOP('',(#2091,#2092,#2093,#2094));
#456=EDGE_LOOP('',(#2095,#2096,#2097,#2098));
#457=EDGE_LOOP('',(#2099,#2100,#2101,#2102));
#458=EDGE_LOOP('',(#2103,#2104,#2105,#2106));
#459=EDGE_LOOP('',(#2107,#2108,#2109,#2110));
#460=EDGE_LOOP('',(#2111,#2112,#2113,#2114));
#461=EDGE_LOOP('',(#2115,#2116,#2117,#2118));
#462=EDGE_LOOP('',(#2119));
#463=EDGE_LOOP('',(#2120));
#464=EDGE_LOOP('',(#2121,#2122,#2123,#2124));
#465=EDGE_LOOP('',(#2125));
#466=EDGE_LOOP('',(#2126));
#467=LINE('',#3202,#703);
#468=LINE('',#3204,#704);
#469=LINE('',#3206,#705);
#470=LINE('',#3207,#706);
#471=LINE('',#3219,#707);
#472=LINE('',#3221,#708);
#473=LINE('',#3223,#709);
#474=LINE('',#3224,#710);
#475=LINE('',#3228,#711);
#476=LINE('',#3229,#712);
#477=LINE('',#3230,#713);
#478=LINE('',#3233,#714);
#479=LINE('',#3234,#715);
#480=LINE('',#3238,#716);
#481=LINE('',#3239,#717);
#482=LINE('',#3240,#718);
#483=LINE('',#3243,#719);
#484=LINE('',#3244,#720);
#485=LINE('',#3248,#721);
#486=LINE('',#3252,#722);
#487=LINE('',#3256,#723);
#488=LINE('',#3260,#724);
#489=LINE('',#3263,#725);
#490=LINE('',#3264,#726);
#491=LINE('',#3266,#727);
#492=LINE('',#3269,#728);
#493=LINE('',#3270,#729);
#494=LINE('',#3272,#730);
#495=LINE('',#3277,#731);
#496=LINE('',#3279,#732);
#497=LINE('',#3281,#733);
#498=LINE('',#3282,#734);
#499=LINE('',#3288,#735);
#500=LINE('',#3291,#736);
#501=LINE('',#3293,#737);
#502=LINE('',#3294,#738);
#503=LINE('',#3300,#739);
#504=LINE('',#3303,#740);
#505=LINE('',#3305,#741);
#506=LINE('',#3306,#742);
#507=LINE('',#3312,#743);
#508=LINE('',#3315,#744);
#509=LINE('',#3317,#745);
#510=LINE('',#3318,#746);
#511=LINE('',#3325,#747);
#512=LINE('',#3327,#748);
#513=LINE('',#3329,#749);
#514=LINE('',#3330,#750);
#515=LINE('',#3336,#751);
#516=LINE('',#3339,#752);
#517=LINE('',#3341,#753);
#518=LINE('',#3342,#754);
#519=LINE('',#3348,#755);
#520=LINE('',#3351,#756);
#521=LINE('',#3353,#757);
#522=LINE('',#3354,#758);
#523=LINE('',#3360,#759);
#524=LINE('',#3363,#760);
#525=LINE('',#3365,#761);
#526=LINE('',#3366,#762);
#527=LINE('',#3373,#763);
#528=LINE('',#3375,#764);
#529=LINE('',#3377,#765);
#530=LINE('',#3378,#766);
#531=LINE('',#3384,#767);
#532=LINE('',#3387,#768);
#533=LINE('',#3389,#769);
#534=LINE('',#3390,#770);
#535=LINE('',#3396,#771);
#536=LINE('',#3399,#772);
#537=LINE('',#3401,#773);
#538=LINE('',#3402,#774);
#539=LINE('',#3408,#775);
#540=LINE('',#3411,#776);
#541=LINE('',#3413,#777);
#542=LINE('',#3414,#778);
#543=LINE('',#3421,#779);
#544=LINE('',#3423,#780);
#545=LINE('',#3425,#781);
#546=LINE('',#3426,#782);
#547=LINE('',#3429,#783);
#548=LINE('',#3431,#784);
#549=LINE('',#3432,#785);
#550=LINE('',#3435,#786);
#551=LINE('',#3437,#787);
#552=LINE('',#3438,#788);
#553=LINE('',#3440,#789);
#554=LINE('',#3441,#790);
#555=LINE('',#3447,#791);
#556=LINE('',#3449,#792);
#557=LINE('',#3451,#793);
#558=LINE('',#3452,#794);
#559=LINE('',#3458,#795);
#560=LINE('',#3461,#796);
#561=LINE('',#3463,#797);
#562=LINE('',#3464,#798);
#563=LINE('',#3470,#799);
#564=LINE('',#3473,#800);
#565=LINE('',#3475,#801);
#566=LINE('',#3476,#802);
#567=LINE('',#3482,#803);
#568=LINE('',#3485,#804);
#569=LINE('',#3487,#805);
#570=LINE('',#3488,#806);
#571=LINE('',#3495,#807);
#572=LINE('',#3497,#808);
#573=LINE('',#3499,#809);
#574=LINE('',#3500,#810);
#575=LINE('',#3506,#811);
#576=LINE('',#3509,#812);
#577=LINE('',#3511,#813);
#578=LINE('',#3512,#814);
#579=LINE('',#3518,#815);
#580=LINE('',#3521,#816);
#581=LINE('',#3523,#817);
#582=LINE('',#3524,#818);
#583=LINE('',#3530,#819);
#584=LINE('',#3533,#820);
#585=LINE('',#3535,#821);
#586=LINE('',#3536,#822);
#587=LINE('',#3543,#823);
#588=LINE('',#3545,#824);
#589=LINE('',#3547,#825);
#590=LINE('',#3548,#826);
#591=LINE('',#3554,#827);
#592=LINE('',#3557,#828);
#593=LINE('',#3559,#829);
#594=LINE('',#3560,#830);
#595=LINE('',#3566,#831);
#596=LINE('',#3569,#832);
#597=LINE('',#3571,#833);
#598=LINE('',#3572,#834);
#599=LINE('',#3578,#835);
#600=LINE('',#3581,#836);
#601=LINE('',#3583,#837);
#602=LINE('',#3584,#838);
#603=LINE('',#3591,#839);
#604=LINE('',#3593,#840);
#605=LINE('',#3595,#841);
#606=LINE('',#3596,#842);
#607=LINE('',#3599,#843);
#608=LINE('',#3601,#844);
#609=LINE('',#3602,#845);
#610=LINE('',#3605,#846);
#611=LINE('',#3607,#847);
#612=LINE('',#3608,#848);
#613=LINE('',#3610,#849);
#614=LINE('',#3611,#850);
#615=LINE('',#3617,#851);
#616=LINE('',#3619,#852);
#617=LINE('',#3621,#853);
#618=LINE('',#3622,#854);
#619=LINE('',#3628,#855);
#620=LINE('',#3631,#856);
#621=LINE('',#3633,#857);
#622=LINE('',#3634,#858);
#623=LINE('',#3640,#859);
#624=LINE('',#3643,#860);
#625=LINE('',#3645,#861);
#626=LINE('',#3646,#862);
#627=LINE('',#3652,#863);
#628=LINE('',#3655,#864);
#629=LINE('',#3657,#865);
#630=LINE('',#3658,#866);
#631=LINE('',#3665,#867);
#632=LINE('',#3667,#868);
#633=LINE('',#3669,#869);
#634=LINE('',#3670,#870);
#635=LINE('',#3676,#871);
#636=LINE('',#3679,#872);
#637=LINE('',#3681,#873);
#638=LINE('',#3682,#874);
#639=LINE('',#3688,#875);
#640=LINE('',#3691,#876);
#641=LINE('',#3693,#877);
#642=LINE('',#3694,#878);
#643=LINE('',#3700,#879);
#644=LINE('',#3703,#880);
#645=LINE('',#3705,#881);
#646=LINE('',#3706,#882);
#647=LINE('',#3713,#883);
#648=LINE('',#3715,#884);
#649=LINE('',#3717,#885);
#650=LINE('',#3718,#886);
#651=LINE('',#3724,#887);
#652=LINE('',#3727,#888);
#653=LINE('',#3729,#889);
#654=LINE('',#3730,#890);
#655=LINE('',#3736,#891);
#656=LINE('',#3739,#892);
#657=LINE('',#3741,#893);
#658=LINE('',#3742,#894);
#659=LINE('',#3748,#895);
#660=LINE('',#3751,#896);
#661=LINE('',#3753,#897);
#662=LINE('',#3754,#898);
#663=LINE('',#3761,#899);
#664=LINE('',#3763,#900);
#665=LINE('',#3765,#901);
#666=LINE('',#3766,#902);
#667=LINE('',#3769,#903);
#668=LINE('',#3771,#904);
#669=LINE('',#3772,#905);
#670=LINE('',#3775,#906);
#671=LINE('',#3777,#907);
#672=LINE('',#3778,#908);
#673=LINE('',#3780,#909);
#674=LINE('',#3781,#910);
#675=LINE('',#3787,#911);
#676=LINE('',#3789,#912);
#677=LINE('',#3791,#913);
#678=LINE('',#3792,#914);
#679=LINE('',#3803,#915);
#680=LINE('',#3805,#916);
#681=LINE('',#3807,#917);
#682=LINE('',#3808,#918);
#683=LINE('',#3811,#919);
#684=LINE('',#3813,#920);
#685=LINE('',#3814,#921);
#686=LINE('',#3817,#922);
#687=LINE('',#3818,#923);
#688=LINE('',#3821,#924);
#689=LINE('',#3823,#925);
#690=LINE('',#3824,#926);
#691=LINE('',#3827,#927);
#692=LINE('',#3828,#928);
#693=LINE('',#3831,#929);
#694=LINE('',#3832,#930);
#695=LINE('',#3834,#931);
#696=LINE('',#3838,#932);
#697=LINE('',#3842,#933);
#698=LINE('',#3846,#934);
#699=LINE('',#3850,#935);
#700=LINE('',#3853,#936);
#701=LINE('',#3854,#937);
#702=LINE('',#3856,#938);
#703=VECTOR('',#2550,10.);
#704=VECTOR('',#2551,10.);
#705=VECTOR('',#2552,10.);
#706=VECTOR('',#2553,10.);
#707=VECTOR('',#2564,10.);
#708=VECTOR('',#2565,10.);
#709=VECTOR('',#2566,10.);
#710=VECTOR('',#2567,10.);
#711=VECTOR('',#2570,10.);
#712=VECTOR('',#2571,10.);
#713=VECTOR('',#2572,10.);
#714=VECTOR('',#2575,10.);
#715=VECTOR('',#2576,10.);
#716=VECTOR('',#2579,10.);
#717=VECTOR('',#2580,10.);
#718=VECTOR('',#2581,10.);
#719=VECTOR('',#2584,10.);
#720=VECTOR('',#2585,10.);
#721=VECTOR('',#2590,1.45);
#722=VECTOR('',#2595,1.45);
#723=VECTOR('',#2600,1.45);
#724=VECTOR('',#2605,1.45);
#725=VECTOR('',#2608,10.);
#726=VECTOR('',#2609,10.);
#727=VECTOR('',#2612,10.);
#728=VECTOR('',#2615,10.);
#729=VECTOR('',#2616,10.);
#730=VECTOR('',#2619,10.);
#731=VECTOR('',#2624,10.);
#732=VECTOR('',#2625,10.);
#733=VECTOR('',#2626,10.);
#734=VECTOR('',#2627,10.);
#735=VECTOR('',#2634,10.);
#736=VECTOR('',#2637,10.);
#737=VECTOR('',#2638,10.);
#738=VECTOR('',#2639,10.);
#739=VECTOR('',#2646,10.);
#740=VECTOR('',#2649,10.);
#741=VECTOR('',#2650,10.);
#742=VECTOR('',#2651,10.);
#743=VECTOR('',#2658,10.);
#744=VECTOR('',#2661,10.);
#745=VECTOR('',#2662,10.);
#746=VECTOR('',#2663,10.);
#747=VECTOR('',#2672,10.);
#748=VECTOR('',#2673,10.);
#749=VECTOR('',#2674,10.);
#750=VECTOR('',#2675,10.);
#751=VECTOR('',#2682,10.);
#752=VECTOR('',#2685,10.);
#753=VECTOR('',#2686,10.);
#754=VECTOR('',#2687,10.);
#755=VECTOR('',#2694,10.);
#756=VECTOR('',#2697,10.);
#757=VECTOR('',#2698,10.);
#758=VECTOR('',#2699,10.);
#759=VECTOR('',#2706,10.);
#760=VECTOR('',#2709,10.);
#761=VECTOR('',#2710,10.);
#762=VECTOR('',#2711,10.);
#763=VECTOR('',#2720,10.);
#764=VECTOR('',#2721,10.);
#765=VECTOR('',#2722,10.);
#766=VECTOR('',#2723,10.);
#767=VECTOR('',#2730,10.);
#768=VECTOR('',#2733,10.);
#769=VECTOR('',#2734,10.);
#770=VECTOR('',#2735,10.);
#771=VECTOR('',#2742,10.);
#772=VECTOR('',#2745,10.);
#773=VECTOR('',#2746,10.);
#774=VECTOR('',#2747,10.);
#775=VECTOR('',#2754,10.);
#776=VECTOR('',#2757,10.);
#777=VECTOR('',#2758,10.);
#778=VECTOR('',#2759,10.);
#779=VECTOR('',#2768,10.);
#780=VECTOR('',#2769,10.);
#781=VECTOR('',#2770,10.);
#782=VECTOR('',#2771,10.);
#783=VECTOR('',#2774,10.);
#784=VECTOR('',#2775,10.);
#785=VECTOR('',#2776,10.);
#786=VECTOR('',#2779,10.);
#787=VECTOR('',#2780,10.);
#788=VECTOR('',#2781,10.);
#789=VECTOR('',#2784,10.);
#790=VECTOR('',#2785,10.);
#791=VECTOR('',#2792,10.);
#792=VECTOR('',#2793,10.);
#793=VECTOR('',#2794,10.);
#794=VECTOR('',#2795,10.);
#795=VECTOR('',#2802,10.);
#796=VECTOR('',#2805,10.);
#797=VECTOR('',#2806,10.);
#798=VECTOR('',#2807,10.);
#799=VECTOR('',#2814,10.);
#800=VECTOR('',#2817,10.);
#801=VECTOR('',#2818,10.);
#802=VECTOR('',#2819,10.);
#803=VECTOR('',#2826,10.);
#804=VECTOR('',#2829,10.);
#805=VECTOR('',#2830,10.);
#806=VECTOR('',#2831,10.);
#807=VECTOR('',#2840,10.);
#808=VECTOR('',#2841,10.);
#809=VECTOR('',#2842,10.);
#810=VECTOR('',#2843,10.);
#811=VECTOR('',#2850,10.);
#812=VECTOR('',#2853,10.);
#813=VECTOR('',#2854,10.);
#814=VECTOR('',#2855,10.);
#815=VECTOR('',#2862,10.);
#816=VECTOR('',#2865,10.);
#817=VECTOR('',#2866,10.);
#818=VECTOR('',#2867,10.);
#819=VECTOR('',#2874,10.);
#820=VECTOR('',#2877,10.);
#821=VECTOR('',#2878,10.);
#822=VECTOR('',#2879,10.);
#823=VECTOR('',#2888,10.);
#824=VECTOR('',#2889,10.);
#825=VECTOR('',#2890,10.);
#826=VECTOR('',#2891,10.);
#827=VECTOR('',#2898,10.);
#828=VECTOR('',#2901,10.);
#829=VECTOR('',#2902,10.);
#830=VECTOR('',#2903,10.);
#831=VECTOR('',#2910,10.);
#832=VECTOR('',#2913,10.);
#833=VECTOR('',#2914,10.);
#834=VECTOR('',#2915,10.);
#835=VECTOR('',#2922,10.);
#836=VECTOR('',#2925,10.);
#837=VECTOR('',#2926,10.);
#838=VECTOR('',#2927,10.);
#839=VECTOR('',#2936,10.);
#840=VECTOR('',#2937,10.);
#841=VECTOR('',#2938,10.);
#842=VECTOR('',#2939,10.);
#843=VECTOR('',#2942,10.);
#844=VECTOR('',#2943,10.);
#845=VECTOR('',#2944,10.);
#846=VECTOR('',#2947,10.);
#847=VECTOR('',#2948,10.);
#848=VECTOR('',#2949,10.);
#849=VECTOR('',#2952,10.);
#850=VECTOR('',#2953,10.);
#851=VECTOR('',#2960,10.);
#852=VECTOR('',#2961,10.);
#853=VECTOR('',#2962,10.);
#854=VECTOR('',#2963,10.);
#855=VECTOR('',#2970,10.);
#856=VECTOR('',#2973,10.);
#857=VECTOR('',#2974,10.);
#858=VECTOR('',#2975,10.);
#859=VECTOR('',#2982,10.);
#860=VECTOR('',#2985,10.);
#861=VECTOR('',#2986,10.);
#862=VECTOR('',#2987,10.);
#863=VECTOR('',#2994,10.);
#864=VECTOR('',#2997,10.);
#865=VECTOR('',#2998,10.);
#866=VECTOR('',#2999,10.);
#867=VECTOR('',#3008,10.);
#868=VECTOR('',#3009,10.);
#869=VECTOR('',#3010,10.);
#870=VECTOR('',#3011,10.);
#871=VECTOR('',#3018,10.);
#872=VECTOR('',#3021,10.);
#873=VECTOR('',#3022,10.);
#874=VECTOR('',#3023,10.);
#875=VECTOR('',#3030,10.);
#876=VECTOR('',#3033,10.);
#877=VECTOR('',#3034,10.);
#878=VECTOR('',#3035,10.);
#879=VECTOR('',#3042,10.);
#880=VECTOR('',#3045,10.);
#881=VECTOR('',#3046,10.);
#882=VECTOR('',#3047,10.);
#883=VECTOR('',#3056,10.);
#884=VECTOR('',#3057,10.);
#885=VECTOR('',#3058,10.);
#886=VECTOR('',#3059,10.);
#887=VECTOR('',#3066,10.);
#888=VECTOR('',#3069,10.);
#889=VECTOR('',#3070,10.);
#890=VECTOR('',#3071,10.);
#891=VECTOR('',#3078,10.);
#892=VECTOR('',#3081,10.);
#893=VECTOR('',#3082,10.);
#894=VECTOR('',#3083,10.);
#895=VECTOR('',#3090,10.);
#896=VECTOR('',#3093,10.);
#897=VECTOR('',#3094,10.);
#898=VECTOR('',#3095,10.);
#899=VECTOR('',#3104,10.);
#900=VECTOR('',#3105,10.);
#901=VECTOR('',#3106,10.);
#902=VECTOR('',#3107,10.);
#903=VECTOR('',#3110,10.);
#904=VECTOR('',#3111,10.);
#905=VECTOR('',#3112,10.);
#906=VECTOR('',#3115,10.);
#907=VECTOR('',#3116,10.);
#908=VECTOR('',#3117,10.);
#909=VECTOR('',#3120,10.);
#910=VECTOR('',#3121,10.);
#911=VECTOR('',#3128,10.);
#912=VECTOR('',#3129,10.);
#913=VECTOR('',#3130,10.);
#914=VECTOR('',#3131,10.);
#915=VECTOR('',#3140,10.);
#916=VECTOR('',#3141,10.);
#917=VECTOR('',#3142,10.);
#918=VECTOR('',#3143,10.);
#919=VECTOR('',#3146,10.);
#920=VECTOR('',#3147,10.);
#921=VECTOR('',#3148,10.);
#922=VECTOR('',#3151,10.);
#923=VECTOR('',#3152,10.);
#924=VECTOR('',#3155,10.);
#925=VECTOR('',#3156,10.);
#926=VECTOR('',#3157,10.);
#927=VECTOR('',#3160,10.);
#928=VECTOR('',#3161,10.);
#929=VECTOR('',#3164,10.);
#930=VECTOR('',#3165,10.);
#931=VECTOR('',#3168,10.);
#932=VECTOR('',#3173,1.45);
#933=VECTOR('',#3178,1.45);
#934=VECTOR('',#3183,1.45);
#935=VECTOR('',#3188,1.45);
#936=VECTOR('',#3191,10.);
#937=VECTOR('',#3192,10.);
#938=VECTOR('',#3195,10.);
#939=VERTEX_POINT('',#3200);
#940=VERTEX_POINT('',#3201);
#941=VERTEX_POINT('',#3203);
#942=VERTEX_POINT('',#3205);
#943=VERTEX_POINT('',#3208);
#944=VERTEX_POINT('',#3210);
#945=VERTEX_POINT('',#3212);
#946=VERTEX_POINT('',#3214);
#947=VERTEX_POINT('',#3217);
#948=VERTEX_POINT('',#3218);
#949=VERTEX_POINT('',#3220);
#950=VERTEX_POINT('',#3222);
#951=VERTEX_POINT('',#3226);
#952=VERTEX_POINT('',#3227);
#953=VERTEX_POINT('',#3232);
#954=VERTEX_POINT('',#3236);
#955=VERTEX_POINT('',#3237);
#956=VERTEX_POINT('',#3242);
#957=VERTEX_POINT('',#3246);
#958=VERTEX_POINT('',#3250);
#959=VERTEX_POINT('',#3254);
#960=VERTEX_POINT('',#3258);
#961=VERTEX_POINT('',#3262);
#962=VERTEX_POINT('',#3268);
#963=VERTEX_POINT('',#3275);
#964=VERTEX_POINT('',#3276);
#965=VERTEX_POINT('',#3278);
#966=VERTEX_POINT('',#3280);
#967=VERTEX_POINT('',#3284);
#968=VERTEX_POINT('',#3286);
#969=VERTEX_POINT('',#3290);
#970=VERTEX_POINT('',#3292);
#971=VERTEX_POINT('',#3296);
#972=VERTEX_POINT('',#3298);
#973=VERTEX_POINT('',#3302);
#974=VERTEX_POINT('',#3304);
#975=VERTEX_POINT('',#3308);
#976=VERTEX_POINT('',#3310);
#977=VERTEX_POINT('',#3314);
#978=VERTEX_POINT('',#3316);
#979=VERTEX_POINT('',#3323);
#980=VERTEX_POINT('',#3324);
#981=VERTEX_POINT('',#3326);
#982=VERTEX_POINT('',#3328);
#983=VERTEX_POINT('',#3332);
#984=VERTEX_POINT('',#3334);
#985=VERTEX_POINT('',#3338);
#986=VERTEX_POINT('',#3340);
#987=VERTEX_POINT('',#3344);
#988=VERTEX_POINT('',#3346);
#989=VERTEX_POINT('',#3350);
#990=VERTEX_POINT('',#3352);
#991=VERTEX_POINT('',#3356);
#992=VERTEX_POINT('',#3358);
#993=VERTEX_POINT('',#3362);
#994=VERTEX_POINT('',#3364);
#995=VERTEX_POINT('',#3371);
#996=VERTEX_POINT('',#3372);
#997=VERTEX_POINT('',#3374);
#998=VERTEX_POINT('',#3376);
#999=VERTEX_POINT('',#3380);
#1000=VERTEX_POINT('',#3382);
#1001=VERTEX_POINT('',#3386);
#1002=VERTEX_POINT('',#3388);
#1003=VERTEX_POINT('',#3392);
#1004=VERTEX_POINT('',#3394);
#1005=VERTEX_POINT('',#3398);
#1006=VERTEX_POINT('',#3400);
#1007=VERTEX_POINT('',#3404);
#1008=VERTEX_POINT('',#3406);
#1009=VERTEX_POINT('',#3410);
#1010=VERTEX_POINT('',#3412);
#1011=VERTEX_POINT('',#3419);
#1012=VERTEX_POINT('',#3420);
#1013=VERTEX_POINT('',#3422);
#1014=VERTEX_POINT('',#3424);
#1015=VERTEX_POINT('',#3428);
#1016=VERTEX_POINT('',#3430);
#1017=VERTEX_POINT('',#3434);
#1018=VERTEX_POINT('',#3436);
#1019=VERTEX_POINT('',#3445);
#1020=VERTEX_POINT('',#3446);
#1021=VERTEX_POINT('',#3448);
#1022=VERTEX_POINT('',#3450);
#1023=VERTEX_POINT('',#3454);
#1024=VERTEX_POINT('',#3456);
#1025=VERTEX_POINT('',#3460);
#1026=VERTEX_POINT('',#3462);
#1027=VERTEX_POINT('',#3466);
#1028=VERTEX_POINT('',#3468);
#1029=VERTEX_POINT('',#3472);
#1030=VERTEX_POINT('',#3474);
#1031=VERTEX_POINT('',#3478);
#1032=VERTEX_POINT('',#3480);
#1033=VERTEX_POINT('',#3484);
#1034=VERTEX_POINT('',#3486);
#1035=VERTEX_POINT('',#3493);
#1036=VERTEX_POINT('',#3494);
#1037=VERTEX_POINT('',#3496);
#1038=VERTEX_POINT('',#3498);
#1039=VERTEX_POINT('',#3502);
#1040=VERTEX_POINT('',#3504);
#1041=VERTEX_POINT('',#3508);
#1042=VERTEX_POINT('',#3510);
#1043=VERTEX_POINT('',#3514);
#1044=VERTEX_POINT('',#3516);
#1045=VERTEX_POINT('',#3520);
#1046=VERTEX_POINT('',#3522);
#1047=VERTEX_POINT('',#3526);
#1048=VERTEX_POINT('',#3528);
#1049=VERTEX_POINT('',#3532);
#1050=VERTEX_POINT('',#3534);
#1051=VERTEX_POINT('',#3541);
#1052=VERTEX_POINT('',#3542);
#1053=VERTEX_POINT('',#3544);
#1054=VERTEX_POINT('',#3546);
#1055=VERTEX_POINT('',#3550);
#1056=VERTEX_POINT('',#3552);
#1057=VERTEX_POINT('',#3556);
#1058=VERTEX_POINT('',#3558);
#1059=VERTEX_POINT('',#3562);
#1060=VERTEX_POINT('',#3564);
#1061=VERTEX_POINT('',#3568);
#1062=VERTEX_POINT('',#3570);
#1063=VERTEX_POINT('',#3574);
#1064=VERTEX_POINT('',#3576);
#1065=VERTEX_POINT('',#3580);
#1066=VERTEX_POINT('',#3582);
#1067=VERTEX_POINT('',#3589);
#1068=VERTEX_POINT('',#3590);
#1069=VERTEX_POINT('',#3592);
#1070=VERTEX_POINT('',#3594);
#1071=VERTEX_POINT('',#3598);
#1072=VERTEX_POINT('',#3600);
#1073=VERTEX_POINT('',#3604);
#1074=VERTEX_POINT('',#3606);
#1075=VERTEX_POINT('',#3615);
#1076=VERTEX_POINT('',#3616);
#1077=VERTEX_POINT('',#3618);
#1078=VERTEX_POINT('',#3620);
#1079=VERTEX_POINT('',#3624);
#1080=VERTEX_POINT('',#3626);
#1081=VERTEX_POINT('',#3630);
#1082=VERTEX_POINT('',#3632);
#1083=VERTEX_POINT('',#3636);
#1084=VERTEX_POINT('',#3638);
#1085=VERTEX_POINT('',#3642);
#1086=VERTEX_POINT('',#3644);
#1087=VERTEX_POINT('',#3648);
#1088=VERTEX_POINT('',#3650);
#1089=VERTEX_POINT('',#3654);
#1090=VERTEX_POINT('',#3656);
#1091=VERTEX_POINT('',#3663);
#1092=VERTEX_POINT('',#3664);
#1093=VERTEX_POINT('',#3666);
#1094=VERTEX_POINT('',#3668);
#1095=VERTEX_POINT('',#3672);
#1096=VERTEX_POINT('',#3674);
#1097=VERTEX_POINT('',#3678);
#1098=VERTEX_POINT('',#3680);
#1099=VERTEX_POINT('',#3684);
#1100=VERTEX_POINT('',#3686);
#1101=VERTEX_POINT('',#3690);
#1102=VERTEX_POINT('',#3692);
#1103=VERTEX_POINT('',#3696);
#1104=VERTEX_POINT('',#3698);
#1105=VERTEX_POINT('',#3702);
#1106=VERTEX_POINT('',#3704);
#1107=VERTEX_POINT('',#3711);
#1108=VERTEX_POINT('',#3712);
#1109=VERTEX_POINT('',#3714);
#1110=VERTEX_POINT('',#3716);
#1111=VERTEX_POINT('',#3720);
#1112=VERTEX_POINT('',#3722);
#1113=VERTEX_POINT('',#3726);
#1114=VERTEX_POINT('',#3728);
#1115=VERTEX_POINT('',#3732);
#1116=VERTEX_POINT('',#3734);
#1117=VERTEX_POINT('',#3738);
#1118=VERTEX_POINT('',#3740);
#1119=VERTEX_POINT('',#3744);
#1120=VERTEX_POINT('',#3746);
#1121=VERTEX_POINT('',#3750);
#1122=VERTEX_POINT('',#3752);
#1123=VERTEX_POINT('',#3759);
#1124=VERTEX_POINT('',#3760);
#1125=VERTEX_POINT('',#3762);
#1126=VERTEX_POINT('',#3764);
#1127=VERTEX_POINT('',#3768);
#1128=VERTEX_POINT('',#3770);
#1129=VERTEX_POINT('',#3774);
#1130=VERTEX_POINT('',#3776);
#1131=VERTEX_POINT('',#3785);
#1132=VERTEX_POINT('',#3786);
#1133=VERTEX_POINT('',#3788);
#1134=VERTEX_POINT('',#3790);
#1135=VERTEX_POINT('',#3793);
#1136=VERTEX_POINT('',#3795);
#1137=VERTEX_POINT('',#3797);
#1138=VERTEX_POINT('',#3799);
#1139=VERTEX_POINT('',#3801);
#1140=VERTEX_POINT('',#3802);
#1141=VERTEX_POINT('',#3804);
#1142=VERTEX_POINT('',#3806);
#1143=VERTEX_POINT('',#3810);
#1144=VERTEX_POINT('',#3812);
#1145=VERTEX_POINT('',#3816);
#1146=VERTEX_POINT('',#3820);
#1147=VERTEX_POINT('',#3822);
#1148=VERTEX_POINT('',#3826);
#1149=VERTEX_POINT('',#3830);
#1150=VERTEX_POINT('',#3836);
#1151=VERTEX_POINT('',#3840);
#1152=VERTEX_POINT('',#3844);
#1153=VERTEX_POINT('',#3848);
#1154=VERTEX_POINT('',#3852);
#1155=EDGE_CURVE('',#939,#940,#467,.T.);
#1156=EDGE_CURVE('',#940,#941,#468,.T.);
#1157=EDGE_CURVE('',#941,#942,#469,.T.);
#1158=EDGE_CURVE('',#942,#939,#470,.T.);
#1159=EDGE_CURVE('',#943,#943,#104,.T.);
#1160=EDGE_CURVE('',#944,#944,#105,.T.);
#1161=EDGE_CURVE('',#945,#945,#106,.T.);
#1162=EDGE_CURVE('',#946,#946,#107,.T.);
#1163=EDGE_CURVE('',#947,#948,#471,.T.);
#1164=EDGE_CURVE('',#948,#949,#472,.T.);
#1165=EDGE_CURVE('',#949,#950,#473,.T.);
#1166=EDGE_CURVE('',#950,#947,#474,.T.);
#1167=EDGE_CURVE('',#951,#952,#475,.T.);
#1168=EDGE_CURVE('',#939,#951,#476,.T.);
#1169=EDGE_CURVE('',#942,#952,#477,.T.);
#1170=EDGE_CURVE('',#952,#953,#478,.T.);
#1171=EDGE_CURVE('',#941,#953,#479,.T.);
#1172=EDGE_CURVE('',#954,#955,#480,.T.);
#1173=EDGE_CURVE('',#947,#954,#481,.T.);
#1174=EDGE_CURVE('',#950,#955,#482,.T.);
#1175=EDGE_CURVE('',#955,#956,#483,.T.);
#1176=EDGE_CURVE('',#949,#956,#484,.T.);
#1177=EDGE_CURVE('',#957,#957,#108,.T.);
#1178=EDGE_CURVE('',#957,#946,#485,.T.);
#1179=EDGE_CURVE('',#958,#958,#109,.T.);
#1180=EDGE_CURVE('',#958,#945,#486,.T.);
#1181=EDGE_CURVE('',#959,#959,#110,.T.);
#1182=EDGE_CURVE('',#959,#944,#487,.T.);
#1183=EDGE_CURVE('',#960,#960,#111,.T.);
#1184=EDGE_CURVE('',#960,#943,#488,.T.);
#1185=EDGE_CURVE('',#953,#961,#489,.T.);
#1186=EDGE_CURVE('',#940,#961,#490,.T.);
#1187=EDGE_CURVE('',#961,#951,#491,.T.);
#1188=EDGE_CURVE('',#956,#962,#492,.T.);
#1189=EDGE_CURVE('',#948,#962,#493,.T.);
#1190=EDGE_CURVE('',#962,#954,#494,.T.);
#1191=EDGE_CURVE('',#963,#964,#495,.T.);
#1192=EDGE_CURVE('',#964,#965,#496,.T.);
#1193=EDGE_CURVE('',#966,#965,#497,.T.);
#1194=EDGE_CURVE('',#963,#966,#498,.T.);
#1195=EDGE_CURVE('',#967,#963,#112,.T.);
#1196=EDGE_CURVE('',#968,#966,#113,.T.);
#1197=EDGE_CURVE('',#967,#968,#499,.T.);
#1198=EDGE_CURVE('',#969,#967,#500,.T.);
#1199=EDGE_CURVE('',#970,#968,#501,.T.);
#1200=EDGE_CURVE('',#969,#970,#502,.T.);
#1201=EDGE_CURVE('',#971,#969,#114,.T.);
#1202=EDGE_CURVE('',#972,#970,#115,.T.);
#1203=EDGE_CURVE('',#971,#972,#503,.T.);
#1204=EDGE_CURVE('',#973,#971,#504,.T.);
#1205=EDGE_CURVE('',#974,#972,#505,.T.);
#1206=EDGE_CURVE('',#973,#974,#506,.T.);
#1207=EDGE_CURVE('',#975,#973,#116,.T.);
#1208=EDGE_CURVE('',#976,#974,#117,.T.);
#1209=EDGE_CURVE('',#975,#976,#507,.T.);
#1210=EDGE_CURVE('',#977,#975,#508,.T.);
#1211=EDGE_CURVE('',#978,#976,#509,.T.);
#1212=EDGE_CURVE('',#977,#978,#510,.T.);
#1213=EDGE_CURVE('',#964,#977,#118,.T.);
#1214=EDGE_CURVE('',#965,#978,#119,.T.);
#1215=EDGE_CURVE('',#979,#980,#511,.T.);
#1216=EDGE_CURVE('',#980,#981,#512,.T.);
#1217=EDGE_CURVE('',#982,#981,#513,.T.);
#1218=EDGE_CURVE('',#979,#982,#514,.T.);
#1219=EDGE_CURVE('',#983,#979,#120,.T.);
#1220=EDGE_CURVE('',#984,#982,#121,.T.);
#1221=EDGE_CURVE('',#983,#984,#515,.T.);
#1222=EDGE_CURVE('',#985,#983,#516,.T.);
#1223=EDGE_CURVE('',#986,#984,#517,.T.);
#1224=EDGE_CURVE('',#985,#986,#518,.T.);
#1225=EDGE_CURVE('',#987,#985,#122,.T.);
#1226=EDGE_CURVE('',#988,#986,#123,.T.);
#1227=EDGE_CURVE('',#987,#988,#519,.T.);
#1228=EDGE_CURVE('',#989,#987,#520,.T.);
#1229=EDGE_CURVE('',#990,#988,#521,.T.);
#1230=EDGE_CURVE('',#989,#990,#522,.T.);
#1231=EDGE_CURVE('',#991,#989,#124,.T.);
#1232=EDGE_CURVE('',#992,#990,#125,.T.);
#1233=EDGE_CURVE('',#991,#992,#523,.T.);
#1234=EDGE_CURVE('',#993,#991,#524,.T.);
#1235=EDGE_CURVE('',#994,#992,#525,.T.);
#1236=EDGE_CURVE('',#993,#994,#526,.T.);
#1237=EDGE_CURVE('',#980,#993,#126,.T.);
#1238=EDGE_CURVE('',#981,#994,#127,.T.);
#1239=EDGE_CURVE('',#995,#996,#527,.T.);
#1240=EDGE_CURVE('',#996,#997,#528,.T.);
#1241=EDGE_CURVE('',#998,#997,#529,.T.);
#1242=EDGE_CURVE('',#995,#998,#530,.T.);
#1243=EDGE_CURVE('',#999,#995,#128,.T.);
#1244=EDGE_CURVE('',#1000,#998,#129,.T.);
#1245=EDGE_CURVE('',#999,#1000,#531,.T.);
#1246=EDGE_CURVE('',#1001,#999,#532,.T.);
#1247=EDGE_CURVE('',#1002,#1000,#533,.T.);
#1248=EDGE_CURVE('',#1001,#1002,#534,.T.);
#1249=EDGE_CURVE('',#1003,#1001,#130,.T.);
#1250=EDGE_CURVE('',#1004,#1002,#131,.T.);
#1251=EDGE_CURVE('',#1003,#1004,#535,.T.);
#1252=EDGE_CURVE('',#1005,#1003,#536,.T.);
#1253=EDGE_CURVE('',#1006,#1004,#537,.T.);
#1254=EDGE_CURVE('',#1005,#1006,#538,.T.);
#1255=EDGE_CURVE('',#1007,#1005,#132,.T.);
#1256=EDGE_CURVE('',#1008,#1006,#133,.T.);
#1257=EDGE_CURVE('',#1007,#1008,#539,.T.);
#1258=EDGE_CURVE('',#1009,#1007,#540,.T.);
#1259=EDGE_CURVE('',#1010,#1008,#541,.T.);
#1260=EDGE_CURVE('',#1009,#1010,#542,.T.);
#1261=EDGE_CURVE('',#996,#1009,#134,.T.);
#1262=EDGE_CURVE('',#997,#1010,#135,.T.);
#1263=EDGE_CURVE('',#1011,#1012,#543,.T.);
#1264=EDGE_CURVE('',#1011,#1013,#544,.T.);
#1265=EDGE_CURVE('',#1014,#1013,#545,.T.);
#1266=EDGE_CURVE('',#1012,#1014,#546,.T.);
#1267=EDGE_CURVE('',#1012,#1015,#547,.T.);
#1268=EDGE_CURVE('',#1016,#1014,#548,.T.);
#1269=EDGE_CURVE('',#1015,#1016,#549,.T.);
#1270=EDGE_CURVE('',#1017,#1015,#550,.T.);
#1271=EDGE_CURVE('',#1018,#1016,#551,.T.);
#1272=EDGE_CURVE('',#1017,#1018,#552,.T.);
#1273=EDGE_CURVE('',#1011,#1017,#553,.T.);
#1274=EDGE_CURVE('',#1013,#1018,#554,.T.);
#1275=EDGE_CURVE('',#1019,#1020,#555,.T.);
#1276=EDGE_CURVE('',#1020,#1021,#556,.T.);
#1277=EDGE_CURVE('',#1022,#1021,#557,.T.);
#1278=EDGE_CURVE('',#1019,#1022,#558,.T.);
#1279=EDGE_CURVE('',#1023,#1019,#136,.T.);
#1280=EDGE_CURVE('',#1024,#1022,#137,.T.);
#1281=EDGE_CURVE('',#1023,#1024,#559,.T.);
#1282=EDGE_CURVE('',#1025,#1023,#560,.T.);
#1283=EDGE_CURVE('',#1026,#1024,#561,.T.);
#1284=EDGE_CURVE('',#1025,#1026,#562,.T.);
#1285=EDGE_CURVE('',#1027,#1025,#138,.T.);
#1286=EDGE_CURVE('',#1028,#1026,#139,.T.);
#1287=EDGE_CURVE('',#1027,#1028,#563,.T.);
#1288=EDGE_CURVE('',#1029,#1027,#564,.T.);
#1289=EDGE_CURVE('',#1030,#1028,#565,.T.);
#1290=EDGE_CURVE('',#1029,#1030,#566,.T.);
#1291=EDGE_CURVE('',#1031,#1029,#140,.T.);
#1292=EDGE_CURVE('',#1032,#1030,#141,.T.);
#1293=EDGE_CURVE('',#1031,#1032,#567,.T.);
#1294=EDGE_CURVE('',#1033,#1031,#568,.T.);
#1295=EDGE_CURVE('',#1034,#1032,#569,.T.);
#1296=EDGE_CURVE('',#1033,#1034,#570,.T.);
#1297=EDGE_CURVE('',#1020,#1033,#142,.T.);
#1298=EDGE_CURVE('',#1021,#1034,#143,.T.);
#1299=EDGE_CURVE('',#1035,#1036,#571,.T.);
#1300=EDGE_CURVE('',#1036,#1037,#572,.T.);
#1301=EDGE_CURVE('',#1038,#1037,#573,.T.);
#1302=EDGE_CURVE('',#1035,#1038,#574,.T.);
#1303=EDGE_CURVE('',#1039,#1035,#144,.T.);
#1304=EDGE_CURVE('',#1040,#1038,#145,.T.);
#1305=EDGE_CURVE('',#1039,#1040,#575,.T.);
#1306=EDGE_CURVE('',#1041,#1039,#576,.T.);
#1307=EDGE_CURVE('',#1042,#1040,#577,.T.);
#1308=EDGE_CURVE('',#1041,#1042,#578,.T.);
#1309=EDGE_CURVE('',#1043,#1041,#146,.T.);
#1310=EDGE_CURVE('',#1044,#1042,#147,.T.);
#1311=EDGE_CURVE('',#1043,#1044,#579,.T.);
#1312=EDGE_CURVE('',#1045,#1043,#580,.T.);
#1313=EDGE_CURVE('',#1046,#1044,#581,.T.);
#1314=EDGE_CURVE('',#1045,#1046,#582,.T.);
#1315=EDGE_CURVE('',#1047,#1045,#148,.T.);
#1316=EDGE_CURVE('',#1048,#1046,#149,.T.);
#1317=EDGE_CURVE('',#1047,#1048,#583,.T.);
#1318=EDGE_CURVE('',#1049,#1047,#584,.T.);
#1319=EDGE_CURVE('',#1050,#1048,#585,.T.);
#1320=EDGE_CURVE('',#1049,#1050,#586,.T.);
#1321=EDGE_CURVE('',#1036,#1049,#150,.T.);
#1322=EDGE_CURVE('',#1037,#1050,#151,.T.);
#1323=EDGE_CURVE('',#1051,#1052,#587,.T.);
#1324=EDGE_CURVE('',#1052,#1053,#588,.T.);
#1325=EDGE_CURVE('',#1054,#1053,#589,.T.);
#1326=EDGE_CURVE('',#1051,#1054,#590,.T.);
#1327=EDGE_CURVE('',#1055,#1051,#152,.T.);
#1328=EDGE_CURVE('',#1056,#1054,#153,.T.);
#1329=EDGE_CURVE('',#1055,#1056,#591,.T.);
#1330=EDGE_CURVE('',#1057,#1055,#592,.T.);
#1331=EDGE_CURVE('',#1058,#1056,#593,.T.);
#1332=EDGE_CURVE('',#1057,#1058,#594,.T.);
#1333=EDGE_CURVE('',#1059,#1057,#154,.T.);
#1334=EDGE_CURVE('',#1060,#1058,#155,.T.);
#1335=EDGE_CURVE('',#1059,#1060,#595,.T.);
#1336=EDGE_CURVE('',#1061,#1059,#596,.T.);
#1337=EDGE_CURVE('',#1062,#1060,#597,.T.);
#1338=EDGE_CURVE('',#1061,#1062,#598,.T.);
#1339=EDGE_CURVE('',#1063,#1061,#156,.T.);
#1340=EDGE_CURVE('',#1064,#1062,#157,.T.);
#1341=EDGE_CURVE('',#1063,#1064,#599,.T.);
#1342=EDGE_CURVE('',#1065,#1063,#600,.T.);
#1343=EDGE_CURVE('',#1066,#1064,#601,.T.);
#1344=EDGE_CURVE('',#1065,#1066,#602,.T.);
#1345=EDGE_CURVE('',#1052,#1065,#158,.T.);
#1346=EDGE_CURVE('',#1053,#1066,#159,.T.);
#1347=EDGE_CURVE('',#1067,#1068,#603,.T.);
#1348=EDGE_CURVE('',#1067,#1069,#604,.T.);
#1349=EDGE_CURVE('',#1070,#1069,#605,.T.);
#1350=EDGE_CURVE('',#1068,#1070,#606,.T.);
#1351=EDGE_CURVE('',#1068,#1071,#607,.T.);
#1352=EDGE_CURVE('',#1072,#1070,#608,.T.);
#1353=EDGE_CURVE('',#1071,#1072,#609,.T.);
#1354=EDGE_CURVE('',#1073,#1071,#610,.T.);
#1355=EDGE_CURVE('',#1074,#1072,#611,.T.);
#1356=EDGE_CURVE('',#1073,#1074,#612,.T.);
#1357=EDGE_CURVE('',#1067,#1073,#613,.T.);
#1358=EDGE_CURVE('',#1069,#1074,#614,.T.);
#1359=EDGE_CURVE('',#1075,#1076,#615,.T.);
#1360=EDGE_CURVE('',#1076,#1077,#616,.T.);
#1361=EDGE_CURVE('',#1078,#1077,#617,.T.);
#1362=EDGE_CURVE('',#1075,#1078,#618,.T.);
#1363=EDGE_CURVE('',#1079,#1075,#160,.T.);
#1364=EDGE_CURVE('',#1080,#1078,#161,.T.);
#1365=EDGE_CURVE('',#1079,#1080,#619,.T.);
#1366=EDGE_CURVE('',#1081,#1079,#620,.T.);
#1367=EDGE_CURVE('',#1082,#1080,#621,.T.);
#1368=EDGE_CURVE('',#1081,#1082,#622,.T.);
#1369=EDGE_CURVE('',#1083,#1081,#162,.T.);
#1370=EDGE_CURVE('',#1084,#1082,#163,.T.);
#1371=EDGE_CURVE('',#1083,#1084,#623,.T.);
#1372=EDGE_CURVE('',#1085,#1083,#624,.T.);
#1373=EDGE_CURVE('',#1086,#1084,#625,.T.);
#1374=EDGE_CURVE('',#1085,#1086,#626,.T.);
#1375=EDGE_CURVE('',#1087,#1085,#164,.T.);
#1376=EDGE_CURVE('',#1088,#1086,#165,.T.);
#1377=EDGE_CURVE('',#1087,#1088,#627,.T.);
#1378=EDGE_CURVE('',#1089,#1087,#628,.T.);
#1379=EDGE_CURVE('',#1090,#1088,#629,.T.);
#1380=EDGE_CURVE('',#1089,#1090,#630,.T.);
#1381=EDGE_CURVE('',#1076,#1089,#166,.T.);
#1382=EDGE_CURVE('',#1077,#1090,#167,.T.);
#1383=EDGE_CURVE('',#1091,#1092,#631,.T.);
#1384=EDGE_CURVE('',#1092,#1093,#632,.T.);
#1385=EDGE_CURVE('',#1094,#1093,#633,.T.);
#1386=EDGE_CURVE('',#1091,#1094,#634,.T.);
#1387=EDGE_CURVE('',#1095,#1091,#168,.T.);
#1388=EDGE_CURVE('',#1096,#1094,#169,.T.);
#1389=EDGE_CURVE('',#1095,#1096,#635,.T.);
#1390=EDGE_CURVE('',#1097,#1095,#636,.T.);
#1391=EDGE_CURVE('',#1098,#1096,#637,.T.);
#1392=EDGE_CURVE('',#1097,#1098,#638,.T.);
#1393=EDGE_CURVE('',#1099,#1097,#170,.T.);
#1394=EDGE_CURVE('',#1100,#1098,#171,.T.);
#1395=EDGE_CURVE('',#1099,#1100,#639,.T.);
#1396=EDGE_CURVE('',#1101,#1099,#640,.T.);
#1397=EDGE_CURVE('',#1102,#1100,#641,.T.);
#1398=EDGE_CURVE('',#1101,#1102,#642,.T.);
#1399=EDGE_CURVE('',#1103,#1101,#172,.T.);
#1400=EDGE_CURVE('',#1104,#1102,#173,.T.);
#1401=EDGE_CURVE('',#1103,#1104,#643,.T.);
#1402=EDGE_CURVE('',#1105,#1103,#644,.T.);
#1403=EDGE_CURVE('',#1106,#1104,#645,.T.);
#1404=EDGE_CURVE('',#1105,#1106,#646,.T.);
#1405=EDGE_CURVE('',#1092,#1105,#174,.T.);
#1406=EDGE_CURVE('',#1093,#1106,#175,.T.);
#1407=EDGE_CURVE('',#1107,#1108,#647,.T.);
#1408=EDGE_CURVE('',#1108,#1109,#648,.T.);
#1409=EDGE_CURVE('',#1110,#1109,#649,.T.);
#1410=EDGE_CURVE('',#1107,#1110,#650,.T.);
#1411=EDGE_CURVE('',#1111,#1107,#176,.T.);
#1412=EDGE_CURVE('',#1112,#1110,#177,.T.);
#1413=EDGE_CURVE('',#1111,#1112,#651,.T.);
#1414=EDGE_CURVE('',#1113,#1111,#652,.T.);
#1415=EDGE_CURVE('',#1114,#1112,#653,.T.);
#1416=EDGE_CURVE('',#1113,#1114,#654,.T.);
#1417=EDGE_CURVE('',#1115,#1113,#178,.T.);
#1418=EDGE_CURVE('',#1116,#1114,#179,.T.);
#1419=EDGE_CURVE('',#1115,#1116,#655,.T.);
#1420=EDGE_CURVE('',#1117,#1115,#656,.T.);
#1421=EDGE_CURVE('',#1118,#1116,#657,.T.);
#1422=EDGE_CURVE('',#1117,#1118,#658,.T.);
#1423=EDGE_CURVE('',#1119,#1117,#180,.T.);
#1424=EDGE_CURVE('',#1120,#1118,#181,.T.);
#1425=EDGE_CURVE('',#1119,#1120,#659,.T.);
#1426=EDGE_CURVE('',#1121,#1119,#660,.T.);
#1427=EDGE_CURVE('',#1122,#1120,#661,.T.);
#1428=EDGE_CURVE('',#1121,#1122,#662,.T.);
#1429=EDGE_CURVE('',#1108,#1121,#182,.T.);
#1430=EDGE_CURVE('',#1109,#1122,#183,.T.);
#1431=EDGE_CURVE('',#1123,#1124,#663,.T.);
#1432=EDGE_CURVE('',#1123,#1125,#664,.T.);
#1433=EDGE_CURVE('',#1126,#1125,#665,.T.);
#1434=EDGE_CURVE('',#1124,#1126,#666,.T.);
#1435=EDGE_CURVE('',#1124,#1127,#667,.T.);
#1436=EDGE_CURVE('',#1128,#1126,#668,.T.);
#1437=EDGE_CURVE('',#1127,#1128,#669,.T.);
#1438=EDGE_CURVE('',#1129,#1127,#670,.T.);
#1439=EDGE_CURVE('',#1130,#1128,#671,.T.);
#1440=EDGE_CURVE('',#1129,#1130,#672,.T.);
#1441=EDGE_CURVE('',#1123,#1129,#673,.T.);
#1442=EDGE_CURVE('',#1125,#1130,#674,.T.);
#1443=EDGE_CURVE('',#1131,#1132,#675,.T.);
#1444=EDGE_CURVE('',#1133,#1131,#676,.T.);
#1445=EDGE_CURVE('',#1134,#1133,#677,.T.);
#1446=EDGE_CURVE('',#1132,#1134,#678,.T.);
#1447=EDGE_CURVE('',#1135,#1135,#184,.T.);
#1448=EDGE_CURVE('',#1136,#1136,#185,.T.);
#1449=EDGE_CURVE('',#1137,#1137,#186,.T.);
#1450=EDGE_CURVE('',#1138,#1138,#187,.T.);
#1451=EDGE_CURVE('',#1139,#1140,#679,.T.);
#1452=EDGE_CURVE('',#1141,#1139,#680,.T.);
#1453=EDGE_CURVE('',#1142,#1141,#681,.T.);
#1454=EDGE_CURVE('',#1140,#1142,#682,.T.);
#1455=EDGE_CURVE('',#1141,#1143,#683,.T.);
#1456=EDGE_CURVE('',#1144,#1143,#684,.T.);
#1457=EDGE_CURVE('',#1142,#1144,#685,.T.);
#1458=EDGE_CURVE('',#1139,#1145,#686,.T.);
#1459=EDGE_CURVE('',#1143,#1145,#687,.T.);
#1460=EDGE_CURVE('',#1133,#1146,#688,.T.);
#1461=EDGE_CURVE('',#1147,#1146,#689,.T.);
#1462=EDGE_CURVE('',#1134,#1147,#690,.T.);
#1463=EDGE_CURVE('',#1131,#1148,#691,.T.);
#1464=EDGE_CURVE('',#1146,#1148,#692,.T.);
#1465=EDGE_CURVE('',#1140,#1149,#693,.T.);
#1466=EDGE_CURVE('',#1145,#1149,#694,.T.);
#1467=EDGE_CURVE('',#1149,#1144,#695,.T.);
#1468=EDGE_CURVE('',#1150,#1150,#188,.T.);
#1469=EDGE_CURVE('',#1150,#1138,#696,.T.);
#1470=EDGE_CURVE('',#1151,#1151,#189,.T.);
#1471=EDGE_CURVE('',#1151,#1137,#697,.T.);
#1472=EDGE_CURVE('',#1152,#1152,#190,.T.);
#1473=EDGE_CURVE('',#1152,#1136,#698,.T.);
#1474=EDGE_CURVE('',#1153,#1153,#191,.T.);
#1475=EDGE_CURVE('',#1153,#1135,#699,.T.);
#1476=EDGE_CURVE('',#1132,#1154,#700,.T.);
#1477=EDGE_CURVE('',#1148,#1154,#701,.T.);
#1478=EDGE_CURVE('',#1154,#1147,#702,.T.);
#1479=ORIENTED_EDGE('',*,*,#1155,.T.);
#1480=ORIENTED_EDGE('',*,*,#1156,.T.);
#1481=ORIENTED_EDGE('',*,*,#1157,.T.);
#1482=ORIENTED_EDGE('',*,*,#1158,.T.);
#1483=ORIENTED_EDGE('',*,*,#1159,.F.);
#1484=ORIENTED_EDGE('',*,*,#1160,.F.);
#1485=ORIENTED_EDGE('',*,*,#1161,.F.);
#1486=ORIENTED_EDGE('',*,*,#1162,.F.);
#1487=ORIENTED_EDGE('',*,*,#1163,.T.);
#1488=ORIENTED_EDGE('',*,*,#1164,.T.);
#1489=ORIENTED_EDGE('',*,*,#1165,.T.);
#1490=ORIENTED_EDGE('',*,*,#1166,.T.);
#1491=ORIENTED_EDGE('',*,*,#1167,.F.);
#1492=ORIENTED_EDGE('',*,*,#1168,.F.);
#1493=ORIENTED_EDGE('',*,*,#1158,.F.);
#1494=ORIENTED_EDGE('',*,*,#1169,.T.);
#1495=ORIENTED_EDGE('',*,*,#1170,.F.);
#1496=ORIENTED_EDGE('',*,*,#1169,.F.);
#1497=ORIENTED_EDGE('',*,*,#1157,.F.);
#1498=ORIENTED_EDGE('',*,*,#1171,.T.);
#1499=ORIENTED_EDGE('',*,*,#1172,.F.);
#1500=ORIENTED_EDGE('',*,*,#1173,.F.);
#1501=ORIENTED_EDGE('',*,*,#1166,.F.);
#1502=ORIENTED_EDGE('',*,*,#1174,.T.);
#1503=ORIENTED_EDGE('',*,*,#1175,.F.);
#1504=ORIENTED_EDGE('',*,*,#1174,.F.);
#1505=ORIENTED_EDGE('',*,*,#1165,.F.);
#1506=ORIENTED_EDGE('',*,*,#1176,.T.);
#1507=ORIENTED_EDGE('',*,*,#1177,.F.);
#1508=ORIENTED_EDGE('',*,*,#1178,.T.);
#1509=ORIENTED_EDGE('',*,*,#1162,.T.);
#1510=ORIENTED_EDGE('',*,*,#1178,.F.);
#1511=ORIENTED_EDGE('',*,*,#1179,.F.);
#1512=ORIENTED_EDGE('',*,*,#1180,.T.);
#1513=ORIENTED_EDGE('',*,*,#1161,.T.);
#1514=ORIENTED_EDGE('',*,*,#1180,.F.);
#1515=ORIENTED_EDGE('',*,*,#1181,.F.);
#1516=ORIENTED_EDGE('',*,*,#1182,.T.);
#1517=ORIENTED_EDGE('',*,*,#1160,.T.);
#1518=ORIENTED_EDGE('',*,*,#1182,.F.);
#1519=ORIENTED_EDGE('',*,*,#1183,.F.);
#1520=ORIENTED_EDGE('',*,*,#1184,.T.);
#1521=ORIENTED_EDGE('',*,*,#1159,.T.);
#1522=ORIENTED_EDGE('',*,*,#1184,.F.);
#1523=ORIENTED_EDGE('',*,*,#1185,.F.);
#1524=ORIENTED_EDGE('',*,*,#1171,.F.);
#1525=ORIENTED_EDGE('',*,*,#1156,.F.);
#1526=ORIENTED_EDGE('',*,*,#1186,.T.);
#1527=ORIENTED_EDGE('',*,*,#1187,.F.);
#1528=ORIENTED_EDGE('',*,*,#1186,.F.);
#1529=ORIENTED_EDGE('',*,*,#1155,.F.);
#1530=ORIENTED_EDGE('',*,*,#1168,.T.);
#1531=ORIENTED_EDGE('',*,*,#1188,.F.);
#1532=ORIENTED_EDGE('',*,*,#1176,.F.);
#1533=ORIENTED_EDGE('',*,*,#1164,.F.);
#1534=ORIENTED_EDGE('',*,*,#1189,.T.);
#1535=ORIENTED_EDGE('',*,*,#1190,.F.);
#1536=ORIENTED_EDGE('',*,*,#1189,.F.);
#1537=ORIENTED_EDGE('',*,*,#1163,.F.);
#1538=ORIENTED_EDGE('',*,*,#1173,.T.);
#1539=ORIENTED_EDGE('',*,*,#1185,.T.);
#1540=ORIENTED_EDGE('',*,*,#1187,.T.);
#1541=ORIENTED_EDGE('',*,*,#1167,.T.);
#1542=ORIENTED_EDGE('',*,*,#1170,.T.);
#1543=ORIENTED_EDGE('',*,*,#1188,.T.);
#1544=ORIENTED_EDGE('',*,*,#1190,.T.);
#1545=ORIENTED_EDGE('',*,*,#1172,.T.);
#1546=ORIENTED_EDGE('',*,*,#1175,.T.);
#1547=ORIENTED_EDGE('',*,*,#1183,.T.);
#1548=ORIENTED_EDGE('',*,*,#1181,.T.);
#1549=ORIENTED_EDGE('',*,*,#1179,.T.);
#1550=ORIENTED_EDGE('',*,*,#1177,.T.);
#1551=ORIENTED_EDGE('',*,*,#1191,.T.);
#1552=ORIENTED_EDGE('',*,*,#1192,.T.);
#1553=ORIENTED_EDGE('',*,*,#1193,.F.);
#1554=ORIENTED_EDGE('',*,*,#1194,.F.);
#1555=ORIENTED_EDGE('',*,*,#1195,.T.);
#1556=ORIENTED_EDGE('',*,*,#1194,.T.);
#1557=ORIENTED_EDGE('',*,*,#1196,.F.);
#1558=ORIENTED_EDGE('',*,*,#1197,.F.);
#1559=ORIENTED_EDGE('',*,*,#1198,.T.);
#1560=ORIENTED_EDGE('',*,*,#1197,.T.);
#1561=ORIENTED_EDGE('',*,*,#1199,.F.);
#1562=ORIENTED_EDGE('',*,*,#1200,.F.);
#1563=ORIENTED_EDGE('',*,*,#1201,.T.);
#1564=ORIENTED_EDGE('',*,*,#1200,.T.);
#1565=ORIENTED_EDGE('',*,*,#1202,.F.);
#1566=ORIENTED_EDGE('',*,*,#1203,.F.);
#1567=ORIENTED_EDGE('',*,*,#1204,.T.);
#1568=ORIENTED_EDGE('',*,*,#1203,.T.);
#1569=ORIENTED_EDGE('',*,*,#1205,.F.);
#1570=ORIENTED_EDGE('',*,*,#1206,.F.);
#1571=ORIENTED_EDGE('',*,*,#1207,.T.);
#1572=ORIENTED_EDGE('',*,*,#1206,.T.);
#1573=ORIENTED_EDGE('',*,*,#1208,.F.);
#1574=ORIENTED_EDGE('',*,*,#1209,.F.);
#1575=ORIENTED_EDGE('',*,*,#1210,.T.);
#1576=ORIENTED_EDGE('',*,*,#1209,.T.);
#1577=ORIENTED_EDGE('',*,*,#1211,.F.);
#1578=ORIENTED_EDGE('',*,*,#1212,.F.);
#1579=ORIENTED_EDGE('',*,*,#1213,.T.);
#1580=ORIENTED_EDGE('',*,*,#1212,.T.);
#1581=ORIENTED_EDGE('',*,*,#1214,.F.);
#1582=ORIENTED_EDGE('',*,*,#1192,.F.);
#1583=ORIENTED_EDGE('',*,*,#1215,.T.);
#1584=ORIENTED_EDGE('',*,*,#1216,.T.);
#1585=ORIENTED_EDGE('',*,*,#1217,.F.);
#1586=ORIENTED_EDGE('',*,*,#1218,.F.);
#1587=ORIENTED_EDGE('',*,*,#1219,.T.);
#1588=ORIENTED_EDGE('',*,*,#1218,.T.);
#1589=ORIENTED_EDGE('',*,*,#1220,.F.);
#1590=ORIENTED_EDGE('',*,*,#1221,.F.);
#1591=ORIENTED_EDGE('',*,*,#1222,.T.);
#1592=ORIENTED_EDGE('',*,*,#1221,.T.);
#1593=ORIENTED_EDGE('',*,*,#1223,.F.);
#1594=ORIENTED_EDGE('',*,*,#1224,.F.);
#1595=ORIENTED_EDGE('',*,*,#1225,.T.);
#1596=ORIENTED_EDGE('',*,*,#1224,.T.);
#1597=ORIENTED_EDGE('',*,*,#1226,.F.);
#1598=ORIENTED_EDGE('',*,*,#1227,.F.);
#1599=ORIENTED_EDGE('',*,*,#1228,.T.);
#1600=ORIENTED_EDGE('',*,*,#1227,.T.);
#1601=ORIENTED_EDGE('',*,*,#1229,.F.);
#1602=ORIENTED_EDGE('',*,*,#1230,.F.);
#1603=ORIENTED_EDGE('',*,*,#1231,.T.);
#1604=ORIENTED_EDGE('',*,*,#1230,.T.);
#1605=ORIENTED_EDGE('',*,*,#1232,.F.);
#1606=ORIENTED_EDGE('',*,*,#1233,.F.);
#1607=ORIENTED_EDGE('',*,*,#1234,.T.);
#1608=ORIENTED_EDGE('',*,*,#1233,.T.);
#1609=ORIENTED_EDGE('',*,*,#1235,.F.);
#1610=ORIENTED_EDGE('',*,*,#1236,.F.);
#1611=ORIENTED_EDGE('',*,*,#1237,.T.);
#1612=ORIENTED_EDGE('',*,*,#1236,.T.);
#1613=ORIENTED_EDGE('',*,*,#1238,.F.);
#1614=ORIENTED_EDGE('',*,*,#1216,.F.);
#1615=ORIENTED_EDGE('',*,*,#1239,.T.);
#1616=ORIENTED_EDGE('',*,*,#1240,.T.);
#1617=ORIENTED_EDGE('',*,*,#1241,.F.);
#1618=ORIENTED_EDGE('',*,*,#1242,.F.);
#1619=ORIENTED_EDGE('',*,*,#1243,.T.);
#1620=ORIENTED_EDGE('',*,*,#1242,.T.);
#1621=ORIENTED_EDGE('',*,*,#1244,.F.);
#1622=ORIENTED_EDGE('',*,*,#1245,.F.);
#1623=ORIENTED_EDGE('',*,*,#1246,.T.);
#1624=ORIENTED_EDGE('',*,*,#1245,.T.);
#1625=ORIENTED_EDGE('',*,*,#1247,.F.);
#1626=ORIENTED_EDGE('',*,*,#1248,.F.);
#1627=ORIENTED_EDGE('',*,*,#1249,.T.);
#1628=ORIENTED_EDGE('',*,*,#1248,.T.);
#1629=ORIENTED_EDGE('',*,*,#1250,.F.);
#1630=ORIENTED_EDGE('',*,*,#1251,.F.);
#1631=ORIENTED_EDGE('',*,*,#1252,.T.);
#1632=ORIENTED_EDGE('',*,*,#1251,.T.);
#1633=ORIENTED_EDGE('',*,*,#1253,.F.);
#1634=ORIENTED_EDGE('',*,*,#1254,.F.);
#1635=ORIENTED_EDGE('',*,*,#1255,.T.);
#1636=ORIENTED_EDGE('',*,*,#1254,.T.);
#1637=ORIENTED_EDGE('',*,*,#1256,.F.);
#1638=ORIENTED_EDGE('',*,*,#1257,.F.);
#1639=ORIENTED_EDGE('',*,*,#1258,.T.);
#1640=ORIENTED_EDGE('',*,*,#1257,.T.);
#1641=ORIENTED_EDGE('',*,*,#1259,.F.);
#1642=ORIENTED_EDGE('',*,*,#1260,.F.);
#1643=ORIENTED_EDGE('',*,*,#1261,.T.);
#1644=ORIENTED_EDGE('',*,*,#1260,.T.);
#1645=ORIENTED_EDGE('',*,*,#1262,.F.);
#1646=ORIENTED_EDGE('',*,*,#1240,.F.);
#1647=ORIENTED_EDGE('',*,*,#1263,.F.);
#1648=ORIENTED_EDGE('',*,*,#1264,.T.);
#1649=ORIENTED_EDGE('',*,*,#1265,.F.);
#1650=ORIENTED_EDGE('',*,*,#1266,.F.);
#1651=ORIENTED_EDGE('',*,*,#1267,.F.);
#1652=ORIENTED_EDGE('',*,*,#1266,.T.);
#1653=ORIENTED_EDGE('',*,*,#1268,.F.);
#1654=ORIENTED_EDGE('',*,*,#1269,.F.);
#1655=ORIENTED_EDGE('',*,*,#1270,.T.);
#1656=ORIENTED_EDGE('',*,*,#1269,.T.);
#1657=ORIENTED_EDGE('',*,*,#1271,.F.);
#1658=ORIENTED_EDGE('',*,*,#1272,.F.);
#1659=ORIENTED_EDGE('',*,*,#1273,.T.);
#1660=ORIENTED_EDGE('',*,*,#1272,.T.);
#1661=ORIENTED_EDGE('',*,*,#1274,.F.);
#1662=ORIENTED_EDGE('',*,*,#1264,.F.);
#1663=ORIENTED_EDGE('',*,*,#1274,.T.);
#1664=ORIENTED_EDGE('',*,*,#1271,.T.);
#1665=ORIENTED_EDGE('',*,*,#1268,.T.);
#1666=ORIENTED_EDGE('',*,*,#1265,.T.);
#1667=ORIENTED_EDGE('',*,*,#1262,.T.);
#1668=ORIENTED_EDGE('',*,*,#1259,.T.);
#1669=ORIENTED_EDGE('',*,*,#1256,.T.);
#1670=ORIENTED_EDGE('',*,*,#1253,.T.);
#1671=ORIENTED_EDGE('',*,*,#1250,.T.);
#1672=ORIENTED_EDGE('',*,*,#1247,.T.);
#1673=ORIENTED_EDGE('',*,*,#1244,.T.);
#1674=ORIENTED_EDGE('',*,*,#1241,.T.);
#1675=ORIENTED_EDGE('',*,*,#1238,.T.);
#1676=ORIENTED_EDGE('',*,*,#1235,.T.);
#1677=ORIENTED_EDGE('',*,*,#1232,.T.);
#1678=ORIENTED_EDGE('',*,*,#1229,.T.);
#1679=ORIENTED_EDGE('',*,*,#1226,.T.);
#1680=ORIENTED_EDGE('',*,*,#1223,.T.);
#1681=ORIENTED_EDGE('',*,*,#1220,.T.);
#1682=ORIENTED_EDGE('',*,*,#1217,.T.);
#1683=ORIENTED_EDGE('',*,*,#1214,.T.);
#1684=ORIENTED_EDGE('',*,*,#1211,.T.);
#1685=ORIENTED_EDGE('',*,*,#1208,.T.);
#1686=ORIENTED_EDGE('',*,*,#1205,.T.);
#1687=ORIENTED_EDGE('',*,*,#1202,.T.);
#1688=ORIENTED_EDGE('',*,*,#1199,.T.);
#1689=ORIENTED_EDGE('',*,*,#1196,.T.);
#1690=ORIENTED_EDGE('',*,*,#1193,.T.);
#1691=ORIENTED_EDGE('',*,*,#1273,.F.);
#1692=ORIENTED_EDGE('',*,*,#1263,.T.);
#1693=ORIENTED_EDGE('',*,*,#1267,.T.);
#1694=ORIENTED_EDGE('',*,*,#1270,.F.);
#1695=ORIENTED_EDGE('',*,*,#1261,.F.);
#1696=ORIENTED_EDGE('',*,*,#1239,.F.);
#1697=ORIENTED_EDGE('',*,*,#1243,.F.);
#1698=ORIENTED_EDGE('',*,*,#1246,.F.);
#1699=ORIENTED_EDGE('',*,*,#1249,.F.);
#1700=ORIENTED_EDGE('',*,*,#1252,.F.);
#1701=ORIENTED_EDGE('',*,*,#1255,.F.);
#1702=ORIENTED_EDGE('',*,*,#1258,.F.);
#1703=ORIENTED_EDGE('',*,*,#1237,.F.);
#1704=ORIENTED_EDGE('',*,*,#1215,.F.);
#1705=ORIENTED_EDGE('',*,*,#1219,.F.);
#1706=ORIENTED_EDGE('',*,*,#1222,.F.);
#1707=ORIENTED_EDGE('',*,*,#1225,.F.);
#1708=ORIENTED_EDGE('',*,*,#1228,.F.);
#1709=ORIENTED_EDGE('',*,*,#1231,.F.);
#1710=ORIENTED_EDGE('',*,*,#1234,.F.);
#1711=ORIENTED_EDGE('',*,*,#1213,.F.);
#1712=ORIENTED_EDGE('',*,*,#1191,.F.);
#1713=ORIENTED_EDGE('',*,*,#1195,.F.);
#1714=ORIENTED_EDGE('',*,*,#1198,.F.);
#1715=ORIENTED_EDGE('',*,*,#1201,.F.);
#1716=ORIENTED_EDGE('',*,*,#1204,.F.);
#1717=ORIENTED_EDGE('',*,*,#1207,.F.);
#1718=ORIENTED_EDGE('',*,*,#1210,.F.);
#1719=ORIENTED_EDGE('',*,*,#1275,.T.);
#1720=ORIENTED_EDGE('',*,*,#1276,.T.);
#1721=ORIENTED_EDGE('',*,*,#1277,.F.);
#1722=ORIENTED_EDGE('',*,*,#1278,.F.);
#1723=ORIENTED_EDGE('',*,*,#1279,.T.);
#1724=ORIENTED_EDGE('',*,*,#1278,.T.);
#1725=ORIENTED_EDGE('',*,*,#1280,.F.);
#1726=ORIENTED_EDGE('',*,*,#1281,.F.);
#1727=ORIENTED_EDGE('',*,*,#1282,.T.);
#1728=ORIENTED_EDGE('',*,*,#1281,.T.);
#1729=ORIENTED_EDGE('',*,*,#1283,.F.);
#1730=ORIENTED_EDGE('',*,*,#1284,.F.);
#1731=ORIENTED_EDGE('',*,*,#1285,.T.);
#1732=ORIENTED_EDGE('',*,*,#1284,.T.);
#1733=ORIENTED_EDGE('',*,*,#1286,.F.);
#1734=ORIENTED_EDGE('',*,*,#1287,.F.);
#1735=ORIENTED_EDGE('',*,*,#1288,.T.);
#1736=ORIENTED_EDGE('',*,*,#1287,.T.);
#1737=ORIENTED_EDGE('',*,*,#1289,.F.);
#1738=ORIENTED_EDGE('',*,*,#1290,.F.);
#1739=ORIENTED_EDGE('',*,*,#1291,.T.);
#1740=ORIENTED_EDGE('',*,*,#1290,.T.);
#1741=ORIENTED_EDGE('',*,*,#1292,.F.);
#1742=ORIENTED_EDGE('',*,*,#1293,.F.);
#1743=ORIENTED_EDGE('',*,*,#1294,.T.);
#1744=ORIENTED_EDGE('',*,*,#1293,.T.);
#1745=ORIENTED_EDGE('',*,*,#1295,.F.);
#1746=ORIENTED_EDGE('',*,*,#1296,.F.);
#1747=ORIENTED_EDGE('',*,*,#1297,.T.);
#1748=ORIENTED_EDGE('',*,*,#1296,.T.);
#1749=ORIENTED_EDGE('',*,*,#1298,.F.);
#1750=ORIENTED_EDGE('',*,*,#1276,.F.);
#1751=ORIENTED_EDGE('',*,*,#1299,.T.);
#1752=ORIENTED_EDGE('',*,*,#1300,.T.);
#1753=ORIENTED_EDGE('',*,*,#1301,.F.);
#1754=ORIENTED_EDGE('',*,*,#1302,.F.);
#1755=ORIENTED_EDGE('',*,*,#1303,.T.);
#1756=ORIENTED_EDGE('',*,*,#1302,.T.);
#1757=ORIENTED_EDGE('',*,*,#1304,.F.);
#1758=ORIENTED_EDGE('',*,*,#1305,.F.);
#1759=ORIENTED_EDGE('',*,*,#1306,.T.);
#1760=ORIENTED_EDGE('',*,*,#1305,.T.);
#1761=ORIENTED_EDGE('',*,*,#1307,.F.);
#1762=ORIENTED_EDGE('',*,*,#1308,.F.);
#1763=ORIENTED_EDGE('',*,*,#1309,.T.);
#1764=ORIENTED_EDGE('',*,*,#1308,.T.);
#1765=ORIENTED_EDGE('',*,*,#1310,.F.);
#1766=ORIENTED_EDGE('',*,*,#1311,.F.);
#1767=ORIENTED_EDGE('',*,*,#1312,.T.);
#1768=ORIENTED_EDGE('',*,*,#1311,.T.);
#1769=ORIENTED_EDGE('',*,*,#1313,.F.);
#1770=ORIENTED_EDGE('',*,*,#1314,.F.);
#1771=ORIENTED_EDGE('',*,*,#1315,.T.);
#1772=ORIENTED_EDGE('',*,*,#1314,.T.);
#1773=ORIENTED_EDGE('',*,*,#1316,.F.);
#1774=ORIENTED_EDGE('',*,*,#1317,.F.);
#1775=ORIENTED_EDGE('',*,*,#1318,.T.);
#1776=ORIENTED_EDGE('',*,*,#1317,.T.);
#1777=ORIENTED_EDGE('',*,*,#1319,.F.);
#1778=ORIENTED_EDGE('',*,*,#1320,.F.);
#1779=ORIENTED_EDGE('',*,*,#1321,.T.);
#1780=ORIENTED_EDGE('',*,*,#1320,.T.);
#1781=ORIENTED_EDGE('',*,*,#1322,.F.);
#1782=ORIENTED_EDGE('',*,*,#1300,.F.);
#1783=ORIENTED_EDGE('',*,*,#1323,.T.);
#1784=ORIENTED_EDGE('',*,*,#1324,.T.);
#1785=ORIENTED_EDGE('',*,*,#1325,.F.);
#1786=ORIENTED_EDGE('',*,*,#1326,.F.);
#1787=ORIENTED_EDGE('',*,*,#1327,.T.);
#1788=ORIENTED_EDGE('',*,*,#1326,.T.);
#1789=ORIENTED_EDGE('',*,*,#1328,.F.);
#1790=ORIENTED_EDGE('',*,*,#1329,.F.);
#1791=ORIENTED_EDGE('',*,*,#1330,.T.);
#1792=ORIENTED_EDGE('',*,*,#1329,.T.);
#1793=ORIENTED_EDGE('',*,*,#1331,.F.);
#1794=ORIENTED_EDGE('',*,*,#1332,.F.);
#1795=ORIENTED_EDGE('',*,*,#1333,.T.);
#1796=ORIENTED_EDGE('',*,*,#1332,.T.);
#1797=ORIENTED_EDGE('',*,*,#1334,.F.);
#1798=ORIENTED_EDGE('',*,*,#1335,.F.);
#1799=ORIENTED_EDGE('',*,*,#1336,.T.);
#1800=ORIENTED_EDGE('',*,*,#1335,.T.);
#1801=ORIENTED_EDGE('',*,*,#1337,.F.);
#1802=ORIENTED_EDGE('',*,*,#1338,.F.);
#1803=ORIENTED_EDGE('',*,*,#1339,.T.);
#1804=ORIENTED_EDGE('',*,*,#1338,.T.);
#1805=ORIENTED_EDGE('',*,*,#1340,.F.);
#1806=ORIENTED_EDGE('',*,*,#1341,.F.);
#1807=ORIENTED_EDGE('',*,*,#1342,.T.);
#1808=ORIENTED_EDGE('',*,*,#1341,.T.);
#1809=ORIENTED_EDGE('',*,*,#1343,.F.);
#1810=ORIENTED_EDGE('',*,*,#1344,.F.);
#1811=ORIENTED_EDGE('',*,*,#1345,.T.);
#1812=ORIENTED_EDGE('',*,*,#1344,.T.);
#1813=ORIENTED_EDGE('',*,*,#1346,.F.);
#1814=ORIENTED_EDGE('',*,*,#1324,.F.);
#1815=ORIENTED_EDGE('',*,*,#1347,.F.);
#1816=ORIENTED_EDGE('',*,*,#1348,.T.);
#1817=ORIENTED_EDGE('',*,*,#1349,.F.);
#1818=ORIENTED_EDGE('',*,*,#1350,.F.);
#1819=ORIENTED_EDGE('',*,*,#1351,.F.);
#1820=ORIENTED_EDGE('',*,*,#1350,.T.);
#1821=ORIENTED_EDGE('',*,*,#1352,.F.);
#1822=ORIENTED_EDGE('',*,*,#1353,.F.);
#1823=ORIENTED_EDGE('',*,*,#1354,.T.);
#1824=ORIENTED_EDGE('',*,*,#1353,.T.);
#1825=ORIENTED_EDGE('',*,*,#1355,.F.);
#1826=ORIENTED_EDGE('',*,*,#1356,.F.);
#1827=ORIENTED_EDGE('',*,*,#1357,.T.);
#1828=ORIENTED_EDGE('',*,*,#1356,.T.);
#1829=ORIENTED_EDGE('',*,*,#1358,.F.);
#1830=ORIENTED_EDGE('',*,*,#1348,.F.);
#1831=ORIENTED_EDGE('',*,*,#1358,.T.);
#1832=ORIENTED_EDGE('',*,*,#1355,.T.);
#1833=ORIENTED_EDGE('',*,*,#1352,.T.);
#1834=ORIENTED_EDGE('',*,*,#1349,.T.);
#1835=ORIENTED_EDGE('',*,*,#1346,.T.);
#1836=ORIENTED_EDGE('',*,*,#1343,.T.);
#1837=ORIENTED_EDGE('',*,*,#1340,.T.);
#1838=ORIENTED_EDGE('',*,*,#1337,.T.);
#1839=ORIENTED_EDGE('',*,*,#1334,.T.);
#1840=ORIENTED_EDGE('',*,*,#1331,.T.);
#1841=ORIENTED_EDGE('',*,*,#1328,.T.);
#1842=ORIENTED_EDGE('',*,*,#1325,.T.);
#1843=ORIENTED_EDGE('',*,*,#1322,.T.);
#1844=ORIENTED_EDGE('',*,*,#1319,.T.);
#1845=ORIENTED_EDGE('',*,*,#1316,.T.);
#1846=ORIENTED_EDGE('',*,*,#1313,.T.);
#1847=ORIENTED_EDGE('',*,*,#1310,.T.);
#1848=ORIENTED_EDGE('',*,*,#1307,.T.);
#1849=ORIENTED_EDGE('',*,*,#1304,.T.);
#1850=ORIENTED_EDGE('',*,*,#1301,.T.);
#1851=ORIENTED_EDGE('',*,*,#1298,.T.);
#1852=ORIENTED_EDGE('',*,*,#1295,.T.);
#1853=ORIENTED_EDGE('',*,*,#1292,.T.);
#1854=ORIENTED_EDGE('',*,*,#1289,.T.);
#1855=ORIENTED_EDGE('',*,*,#1286,.T.);
#1856=ORIENTED_EDGE('',*,*,#1283,.T.);
#1857=ORIENTED_EDGE('',*,*,#1280,.T.);
#1858=ORIENTED_EDGE('',*,*,#1277,.T.);
#1859=ORIENTED_EDGE('',*,*,#1357,.F.);
#1860=ORIENTED_EDGE('',*,*,#1347,.T.);
#1861=ORIENTED_EDGE('',*,*,#1351,.T.);
#1862=ORIENTED_EDGE('',*,*,#1354,.F.);
#1863=ORIENTED_EDGE('',*,*,#1345,.F.);
#1864=ORIENTED_EDGE('',*,*,#1323,.F.);
#1865=ORIENTED_EDGE('',*,*,#1327,.F.);
#1866=ORIENTED_EDGE('',*,*,#1330,.F.);
#1867=ORIENTED_EDGE('',*,*,#1333,.F.);
#1868=ORIENTED_EDGE('',*,*,#1336,.F.);
#1869=ORIENTED_EDGE('',*,*,#1339,.F.);
#1870=ORIENTED_EDGE('',*,*,#1342,.F.);
#1871=ORIENTED_EDGE('',*,*,#1321,.F.);
#1872=ORIENTED_EDGE('',*,*,#1299,.F.);
#1873=ORIENTED_EDGE('',*,*,#1303,.F.);
#1874=ORIENTED_EDGE('',*,*,#1306,.F.);
#1875=ORIENTED_EDGE('',*,*,#1309,.F.);
#1876=ORIENTED_EDGE('',*,*,#1312,.F.);
#1877=ORIENTED_EDGE('',*,*,#1315,.F.);
#1878=ORIENTED_EDGE('',*,*,#1318,.F.);
#1879=ORIENTED_EDGE('',*,*,#1297,.F.);
#1880=ORIENTED_EDGE('',*,*,#1275,.F.);
#1881=ORIENTED_EDGE('',*,*,#1279,.F.);
#1882=ORIENTED_EDGE('',*,*,#1282,.F.);
#1883=ORIENTED_EDGE('',*,*,#1285,.F.);
#1884=ORIENTED_EDGE('',*,*,#1288,.F.);
#1885=ORIENTED_EDGE('',*,*,#1291,.F.);
#1886=ORIENTED_EDGE('',*,*,#1294,.F.);
#1887=ORIENTED_EDGE('',*,*,#1359,.T.);
#1888=ORIENTED_EDGE('',*,*,#1360,.T.);
#1889=ORIENTED_EDGE('',*,*,#1361,.F.);
#1890=ORIENTED_EDGE('',*,*,#1362,.F.);
#1891=ORIENTED_EDGE('',*,*,#1363,.T.);
#1892=ORIENTED_EDGE('',*,*,#1362,.T.);
#1893=ORIENTED_EDGE('',*,*,#1364,.F.);
#1894=ORIENTED_EDGE('',*,*,#1365,.F.);
#1895=ORIENTED_EDGE('',*,*,#1366,.T.);
#1896=ORIENTED_EDGE('',*,*,#1365,.T.);
#1897=ORIENTED_EDGE('',*,*,#1367,.F.);
#1898=ORIENTED_EDGE('',*,*,#1368,.F.);
#1899=ORIENTED_EDGE('',*,*,#1369,.T.);
#1900=ORIENTED_EDGE('',*,*,#1368,.T.);
#1901=ORIENTED_EDGE('',*,*,#1370,.F.);
#1902=ORIENTED_EDGE('',*,*,#1371,.F.);
#1903=ORIENTED_EDGE('',*,*,#1372,.T.);
#1904=ORIENTED_EDGE('',*,*,#1371,.T.);
#1905=ORIENTED_EDGE('',*,*,#1373,.F.);
#1906=ORIENTED_EDGE('',*,*,#1374,.F.);
#1907=ORIENTED_EDGE('',*,*,#1375,.T.);
#1908=ORIENTED_EDGE('',*,*,#1374,.T.);
#1909=ORIENTED_EDGE('',*,*,#1376,.F.);
#1910=ORIENTED_EDGE('',*,*,#1377,.F.);
#1911=ORIENTED_EDGE('',*,*,#1378,.T.);
#1912=ORIENTED_EDGE('',*,*,#1377,.T.);
#1913=ORIENTED_EDGE('',*,*,#1379,.F.);
#1914=ORIENTED_EDGE('',*,*,#1380,.F.);
#1915=ORIENTED_EDGE('',*,*,#1381,.T.);
#1916=ORIENTED_EDGE('',*,*,#1380,.T.);
#1917=ORIENTED_EDGE('',*,*,#1382,.F.);
#1918=ORIENTED_EDGE('',*,*,#1360,.F.);
#1919=ORIENTED_EDGE('',*,*,#1383,.T.);
#1920=ORIENTED_EDGE('',*,*,#1384,.T.);
#1921=ORIENTED_EDGE('',*,*,#1385,.F.);
#1922=ORIENTED_EDGE('',*,*,#1386,.F.);
#1923=ORIENTED_EDGE('',*,*,#1387,.T.);
#1924=ORIENTED_EDGE('',*,*,#1386,.T.);
#1925=ORIENTED_EDGE('',*,*,#1388,.F.);
#1926=ORIENTED_EDGE('',*,*,#1389,.F.);
#1927=ORIENTED_EDGE('',*,*,#1390,.T.);
#1928=ORIENTED_EDGE('',*,*,#1389,.T.);
#1929=ORIENTED_EDGE('',*,*,#1391,.F.);
#1930=ORIENTED_EDGE('',*,*,#1392,.F.);
#1931=ORIENTED_EDGE('',*,*,#1393,.T.);
#1932=ORIENTED_EDGE('',*,*,#1392,.T.);
#1933=ORIENTED_EDGE('',*,*,#1394,.F.);
#1934=ORIENTED_EDGE('',*,*,#1395,.F.);
#1935=ORIENTED_EDGE('',*,*,#1396,.T.);
#1936=ORIENTED_EDGE('',*,*,#1395,.T.);
#1937=ORIENTED_EDGE('',*,*,#1397,.F.);
#1938=ORIENTED_EDGE('',*,*,#1398,.F.);
#1939=ORIENTED_EDGE('',*,*,#1399,.T.);
#1940=ORIENTED_EDGE('',*,*,#1398,.T.);
#1941=ORIENTED_EDGE('',*,*,#1400,.F.);
#1942=ORIENTED_EDGE('',*,*,#1401,.F.);
#1943=ORIENTED_EDGE('',*,*,#1402,.T.);
#1944=ORIENTED_EDGE('',*,*,#1401,.T.);
#1945=ORIENTED_EDGE('',*,*,#1403,.F.);
#1946=ORIENTED_EDGE('',*,*,#1404,.F.);
#1947=ORIENTED_EDGE('',*,*,#1405,.T.);
#1948=ORIENTED_EDGE('',*,*,#1404,.T.);
#1949=ORIENTED_EDGE('',*,*,#1406,.F.);
#1950=ORIENTED_EDGE('',*,*,#1384,.F.);
#1951=ORIENTED_EDGE('',*,*,#1407,.T.);
#1952=ORIENTED_EDGE('',*,*,#1408,.T.);
#1953=ORIENTED_EDGE('',*,*,#1409,.F.);
#1954=ORIENTED_EDGE('',*,*,#1410,.F.);
#1955=ORIENTED_EDGE('',*,*,#1411,.T.);
#1956=ORIENTED_EDGE('',*,*,#1410,.T.);
#1957=ORIENTED_EDGE('',*,*,#1412,.F.);
#1958=ORIENTED_EDGE('',*,*,#1413,.F.);
#1959=ORIENTED_EDGE('',*,*,#1414,.T.);
#1960=ORIENTED_EDGE('',*,*,#1413,.T.);
#1961=ORIENTED_EDGE('',*,*,#1415,.F.);
#1962=ORIENTED_EDGE('',*,*,#1416,.F.);
#1963=ORIENTED_EDGE('',*,*,#1417,.T.);
#1964=ORIENTED_EDGE('',*,*,#1416,.T.);
#1965=ORIENTED_EDGE('',*,*,#1418,.F.);
#1966=ORIENTED_EDGE('',*,*,#1419,.F.);
#1967=ORIENTED_EDGE('',*,*,#1420,.T.);
#1968=ORIENTED_EDGE('',*,*,#1419,.T.);
#1969=ORIENTED_EDGE('',*,*,#1421,.F.);
#1970=ORIENTED_EDGE('',*,*,#1422,.F.);
#1971=ORIENTED_EDGE('',*,*,#1423,.T.);
#1972=ORIENTED_EDGE('',*,*,#1422,.T.);
#1973=ORIENTED_EDGE('',*,*,#1424,.F.);
#1974=ORIENTED_EDGE('',*,*,#1425,.F.);
#1975=ORIENTED_EDGE('',*,*,#1426,.T.);
#1976=ORIENTED_EDGE('',*,*,#1425,.T.);
#1977=ORIENTED_EDGE('',*,*,#1427,.F.);
#1978=ORIENTED_EDGE('',*,*,#1428,.F.);
#1979=ORIENTED_EDGE('',*,*,#1429,.T.);
#1980=ORIENTED_EDGE('',*,*,#1428,.T.);
#1981=ORIENTED_EDGE('',*,*,#1430,.F.);
#1982=ORIENTED_EDGE('',*,*,#1408,.F.);
#1983=ORIENTED_EDGE('',*,*,#1431,.F.);
#1984=ORIENTED_EDGE('',*,*,#1432,.T.);
#1985=ORIENTED_EDGE('',*,*,#1433,.F.);
#1986=ORIENTED_EDGE('',*,*,#1434,.F.);
#1987=ORIENTED_EDGE('',*,*,#1435,.F.);
#1988=ORIENTED_EDGE('',*,*,#1434,.T.);
#1989=ORIENTED_EDGE('',*,*,#1436,.F.);
#1990=ORIENTED_EDGE('',*,*,#1437,.F.);
#1991=ORIENTED_EDGE('',*,*,#1438,.T.);
#1992=ORIENTED_EDGE('',*,*,#1437,.T.);
#1993=ORIENTED_EDGE('',*,*,#1439,.F.);
#1994=ORIENTED_EDGE('',*,*,#1440,.F.);
#1995=ORIENTED_EDGE('',*,*,#1441,.T.);
#1996=ORIENTED_EDGE('',*,*,#1440,.T.);
#1997=ORIENTED_EDGE('',*,*,#1442,.F.);
#1998=ORIENTED_EDGE('',*,*,#1432,.F.);
#1999=ORIENTED_EDGE('',*,*,#1442,.T.);
#2000=ORIENTED_EDGE('',*,*,#1439,.T.);
#2001=ORIENTED_EDGE('',*,*,#1436,.T.);
#2002=ORIENTED_EDGE('',*,*,#1433,.T.);
#2003=ORIENTED_EDGE('',*,*,#1430,.T.);
#2004=ORIENTED_EDGE('',*,*,#1427,.T.);
#2005=ORIENTED_EDGE('',*,*,#1424,.T.);
#2006=ORIENTED_EDGE('',*,*,#1421,.T.);
#2007=ORIENTED_EDGE('',*,*,#1418,.T.);
#2008=ORIENTED_EDGE('',*,*,#1415,.T.);
#2009=ORIENTED_EDGE('',*,*,#1412,.T.);
#2010=ORIENTED_EDGE('',*,*,#1409,.T.);
#2011=ORIENTED_EDGE('',*,*,#1406,.T.);
#2012=ORIENTED_EDGE('',*,*,#1403,.T.);
#2013=ORIENTED_EDGE('',*,*,#1400,.T.);
#2014=ORIENTED_EDGE('',*,*,#1397,.T.);
#2015=ORIENTED_EDGE('',*,*,#1394,.T.);
#2016=ORIENTED_EDGE('',*,*,#1391,.T.);
#2017=ORIENTED_EDGE('',*,*,#1388,.T.);
#2018=ORIENTED_EDGE('',*,*,#1385,.T.);
#2019=ORIENTED_EDGE('',*,*,#1382,.T.);
#2020=ORIENTED_EDGE('',*,*,#1379,.T.);
#2021=ORIENTED_EDGE('',*,*,#1376,.T.);
#2022=ORIENTED_EDGE('',*,*,#1373,.T.);
#2023=ORIENTED_EDGE('',*,*,#1370,.T.);
#2024=ORIENTED_EDGE('',*,*,#1367,.T.);
#2025=ORIENTED_EDGE('',*,*,#1364,.T.);
#2026=ORIENTED_EDGE('',*,*,#1361,.T.);
#2027=ORIENTED_EDGE('',*,*,#1441,.F.);
#2028=ORIENTED_EDGE('',*,*,#1431,.T.);
#2029=ORIENTED_EDGE('',*,*,#1435,.T.);
#2030=ORIENTED_EDGE('',*,*,#1438,.F.);
#2031=ORIENTED_EDGE('',*,*,#1429,.F.);
#2032=ORIENTED_EDGE('',*,*,#1407,.F.);
#2033=ORIENTED_EDGE('',*,*,#1411,.F.);
#2034=ORIENTED_EDGE('',*,*,#1414,.F.);
#2035=ORIENTED_EDGE('',*,*,#1417,.F.);
#2036=ORIENTED_EDGE('',*,*,#1420,.F.);
#2037=ORIENTED_EDGE('',*,*,#1423,.F.);
#2038=ORIENTED_EDGE('',*,*,#1426,.F.);
#2039=ORIENTED_EDGE('',*,*,#1405,.F.);
#2040=ORIENTED_EDGE('',*,*,#1383,.F.);
#2041=ORIENTED_EDGE('',*,*,#1387,.F.);
#2042=ORIENTED_EDGE('',*,*,#1390,.F.);
#2043=ORIENTED_EDGE('',*,*,#1393,.F.);
#2044=ORIENTED_EDGE('',*,*,#1396,.F.);
#2045=ORIENTED_EDGE('',*,*,#1399,.F.);
#2046=ORIENTED_EDGE('',*,*,#1402,.F.);
#2047=ORIENTED_EDGE('',*,*,#1381,.F.);
#2048=ORIENTED_EDGE('',*,*,#1359,.F.);
#2049=ORIENTED_EDGE('',*,*,#1363,.F.);
#2050=ORIENTED_EDGE('',*,*,#1366,.F.);
#2051=ORIENTED_EDGE('',*,*,#1369,.F.);
#2052=ORIENTED_EDGE('',*,*,#1372,.F.);
#2053=ORIENTED_EDGE('',*,*,#1375,.F.);
#2054=ORIENTED_EDGE('',*,*,#1378,.F.);
#2055=ORIENTED_EDGE('',*,*,#1443,.F.);
#2056=ORIENTED_EDGE('',*,*,#1444,.F.);
#2057=ORIENTED_EDGE('',*,*,#1445,.F.);
#2058=ORIENTED_EDGE('',*,*,#1446,.F.);
#2059=ORIENTED_EDGE('',*,*,#1447,.F.);
#2060=ORIENTED_EDGE('',*,*,#1448,.F.);
#2061=ORIENTED_EDGE('',*,*,#1449,.F.);
#2062=ORIENTED_EDGE('',*,*,#1450,.F.);
#2063=ORIENTED_EDGE('',*,*,#1451,.F.);
#2064=ORIENTED_EDGE('',*,*,#1452,.F.);
#2065=ORIENTED_EDGE('',*,*,#1453,.F.);
#2066=ORIENTED_EDGE('',*,*,#1454,.F.);
#2067=ORIENTED_EDGE('',*,*,#1453,.T.);
#2068=ORIENTED_EDGE('',*,*,#1455,.T.);
#2069=ORIENTED_EDGE('',*,*,#1456,.F.);
#2070=ORIENTED_EDGE('',*,*,#1457,.F.);
#2071=ORIENTED_EDGE('',*,*,#1452,.T.);
#2072=ORIENTED_EDGE('',*,*,#1458,.T.);
#2073=ORIENTED_EDGE('',*,*,#1459,.F.);
#2074=ORIENTED_EDGE('',*,*,#1455,.F.);
#2075=ORIENTED_EDGE('',*,*,#1445,.T.);
#2076=ORIENTED_EDGE('',*,*,#1460,.T.);
#2077=ORIENTED_EDGE('',*,*,#1461,.F.);
#2078=ORIENTED_EDGE('',*,*,#1462,.F.);
#2079=ORIENTED_EDGE('',*,*,#1444,.T.);
#2080=ORIENTED_EDGE('',*,*,#1463,.T.);
#2081=ORIENTED_EDGE('',*,*,#1464,.F.);
#2082=ORIENTED_EDGE('',*,*,#1460,.F.);
#2083=ORIENTED_EDGE('',*,*,#1451,.T.);
#2084=ORIENTED_EDGE('',*,*,#1465,.T.);
#2085=ORIENTED_EDGE('',*,*,#1466,.F.);
#2086=ORIENTED_EDGE('',*,*,#1458,.F.);
#2087=ORIENTED_EDGE('',*,*,#1454,.T.);
#2088=ORIENTED_EDGE('',*,*,#1457,.T.);
#2089=ORIENTED_EDGE('',*,*,#1467,.F.);
#2090=ORIENTED_EDGE('',*,*,#1465,.F.);
#2091=ORIENTED_EDGE('',*,*,#1468,.F.);
#2092=ORIENTED_EDGE('',*,*,#1469,.T.);
#2093=ORIENTED_EDGE('',*,*,#1450,.T.);
#2094=ORIENTED_EDGE('',*,*,#1469,.F.);
#2095=ORIENTED_EDGE('',*,*,#1470,.F.);
#2096=ORIENTED_EDGE('',*,*,#1471,.T.);
#2097=ORIENTED_EDGE('',*,*,#1449,.T.);
#2098=ORIENTED_EDGE('',*,*,#1471,.F.);
#2099=ORIENTED_EDGE('',*,*,#1472,.F.);
#2100=ORIENTED_EDGE('',*,*,#1473,.T.);
#2101=ORIENTED_EDGE('',*,*,#1448,.T.);
#2102=ORIENTED_EDGE('',*,*,#1473,.F.);
#2103=ORIENTED_EDGE('',*,*,#1474,.F.);
#2104=ORIENTED_EDGE('',*,*,#1475,.T.);
#2105=ORIENTED_EDGE('',*,*,#1447,.T.);
#2106=ORIENTED_EDGE('',*,*,#1475,.F.);
#2107=ORIENTED_EDGE('',*,*,#1443,.T.);
#2108=ORIENTED_EDGE('',*,*,#1476,.T.);
#2109=ORIENTED_EDGE('',*,*,#1477,.F.);
#2110=ORIENTED_EDGE('',*,*,#1463,.F.);
#2111=ORIENTED_EDGE('',*,*,#1446,.T.);
#2112=ORIENTED_EDGE('',*,*,#1462,.T.);
#2113=ORIENTED_EDGE('',*,*,#1478,.F.);
#2114=ORIENTED_EDGE('',*,*,#1476,.F.);
#2115=ORIENTED_EDGE('',*,*,#1478,.T.);
#2116=ORIENTED_EDGE('',*,*,#1461,.T.);
#2117=ORIENTED_EDGE('',*,*,#1464,.T.);
#2118=ORIENTED_EDGE('',*,*,#1477,.T.);
#2119=ORIENTED_EDGE('',*,*,#1474,.T.);
#2120=ORIENTED_EDGE('',*,*,#1472,.T.);
#2121=ORIENTED_EDGE('',*,*,#1467,.T.);
#2122=ORIENTED_EDGE('',*,*,#1456,.T.);
#2123=ORIENTED_EDGE('',*,*,#1459,.T.);
#2124=ORIENTED_EDGE('',*,*,#1466,.T.);
#2125=ORIENTED_EDGE('',*,*,#1470,.T.);
#2126=ORIENTED_EDGE('',*,*,#1468,.T.);
#2127=PLANE('',#2339);
#2128=PLANE('',#2344);
#2129=PLANE('',#2345);
#2130=PLANE('',#2346);
#2131=PLANE('',#2347);
#2132=PLANE('',#2348);
#2133=PLANE('',#2357);
#2134=PLANE('',#2358);
#2135=PLANE('',#2359);
#2136=PLANE('',#2360);
#2137=PLANE('',#2361);
#2138=PLANE('',#2362);
#2139=PLANE('',#2366);
#2140=PLANE('',#2370);
#2141=PLANE('',#2374);
#2142=PLANE('',#2378);
#2143=PLANE('',#2382);
#2144=PLANE('',#2386);
#2145=PLANE('',#2390);
#2146=PLANE('',#2394);
#2147=PLANE('',#2398);
#2148=PLANE('',#2402);
#2149=PLANE('',#2406);
#2150=PLANE('',#2410);
#2151=PLANE('',#2411);
#2152=PLANE('',#2412);
#2153=PLANE('',#2413);
#2154=PLANE('',#2414);
#2155=PLANE('',#2415);
#2156=PLANE('',#2416);
#2157=PLANE('',#2420);
#2158=PLANE('',#2424);
#2159=PLANE('',#2428);
#2160=PLANE('',#2432);
#2161=PLANE('',#2436);
#2162=PLANE('',#2440);
#2163=PLANE('',#2444);
#2164=PLANE('',#2448);
#2165=PLANE('',#2452);
#2166=PLANE('',#2456);
#2167=PLANE('',#2460);
#2168=PLANE('',#2464);
#2169=PLANE('',#2465);
#2170=PLANE('',#2466);
#2171=PLANE('',#2467);
#2172=PLANE('',#2468);
#2173=PLANE('',#2469);
#2174=PLANE('',#2470);
#2175=PLANE('',#2474);
#2176=PLANE('',#2478);
#2177=PLANE('',#2482);
#2178=PLANE('',#2486);
#2179=PLANE('',#2490);
#2180=PLANE('',#2494);
#2181=PLANE('',#2498);
#2182=PLANE('',#2502);
#2183=PLANE('',#2506);
#2184=PLANE('',#2510);
#2185=PLANE('',#2514);
#2186=PLANE('',#2518);
#2187=PLANE('',#2519);
#2188=PLANE('',#2520);
#2189=PLANE('',#2521);
#2190=PLANE('',#2522);
#2191=PLANE('',#2523);
#2192=PLANE('',#2524);
#2193=PLANE('',#2529);
#2194=PLANE('',#2530);
#2195=PLANE('',#2531);
#2196=PLANE('',#2532);
#2197=PLANE('',#2533);
#2198=PLANE('',#2534);
#2199=PLANE('',#2543);
#2200=PLANE('',#2544);
#2201=PLANE('',#2545);
#2202=ADVANCED_FACE('',(#192,#67,#68,#69,#70),#2127,.F.);
#2203=ADVANCED_FACE('',(#193),#2128,.T.);
#2204=ADVANCED_FACE('',(#194),#2129,.T.);
#2205=ADVANCED_FACE('',(#195),#2130,.T.);
#2206=ADVANCED_FACE('',(#196),#2131,.T.);
#2207=ADVANCED_FACE('',(#197),#2132,.T.);
#2208=ADVANCED_FACE('',(#198),#23,.F.);
#2209=ADVANCED_FACE('',(#199),#24,.F.);
#2210=ADVANCED_FACE('',(#200),#25,.F.);
#2211=ADVANCED_FACE('',(#201),#26,.F.);
#2212=ADVANCED_FACE('',(#202),#2133,.T.);
#2213=ADVANCED_FACE('',(#203),#2134,.T.);
#2214=ADVANCED_FACE('',(#204),#2135,.T.);
#2215=ADVANCED_FACE('',(#205),#2136,.T.);
#2216=ADVANCED_FACE('',(#206,#71,#72,#73,#74,#75),#2137,.T.);
#2217=ADVANCED_FACE('',(#207),#2138,.T.);
#2218=ADVANCED_FACE('',(#208),#27,.F.);
#2219=ADVANCED_FACE('',(#209),#2139,.T.);
#2220=ADVANCED_FACE('',(#210),#28,.F.);
#2221=ADVANCED_FACE('',(#211),#2140,.T.);
#2222=ADVANCED_FACE('',(#212),#29,.F.);
#2223=ADVANCED_FACE('',(#213),#2141,.T.);
#2224=ADVANCED_FACE('',(#214),#30,.F.);
#2225=ADVANCED_FACE('',(#215),#2142,.T.);
#2226=ADVANCED_FACE('',(#216),#31,.F.);
#2227=ADVANCED_FACE('',(#217),#2143,.T.);
#2228=ADVANCED_FACE('',(#218),#32,.F.);
#2229=ADVANCED_FACE('',(#219),#2144,.T.);
#2230=ADVANCED_FACE('',(#220),#33,.F.);
#2231=ADVANCED_FACE('',(#221),#2145,.T.);
#2232=ADVANCED_FACE('',(#222),#34,.F.);
#2233=ADVANCED_FACE('',(#223),#2146,.T.);
#2234=ADVANCED_FACE('',(#224),#35,.F.);
#2235=ADVANCED_FACE('',(#225),#2147,.T.);
#2236=ADVANCED_FACE('',(#226),#36,.F.);
#2237=ADVANCED_FACE('',(#227),#2148,.T.);
#2238=ADVANCED_FACE('',(#228),#37,.F.);
#2239=ADVANCED_FACE('',(#229),#2149,.T.);
#2240=ADVANCED_FACE('',(#230),#38,.F.);
#2241=ADVANCED_FACE('',(#231),#2150,.T.);
#2242=ADVANCED_FACE('',(#232),#2151,.T.);
#2243=ADVANCED_FACE('',(#233),#2152,.T.);
#2244=ADVANCED_FACE('',(#234),#2153,.T.);
#2245=ADVANCED_FACE('',(#235,#76,#77,#78),#2154,.T.);
#2246=ADVANCED_FACE('',(#236,#79,#80,#81),#2155,.F.);
#2247=ADVANCED_FACE('',(#237),#2156,.T.);
#2248=ADVANCED_FACE('',(#238),#39,.F.);
#2249=ADVANCED_FACE('',(#239),#2157,.T.);
#2250=ADVANCED_FACE('',(#240),#40,.F.);
#2251=ADVANCED_FACE('',(#241),#2158,.T.);
#2252=ADVANCED_FACE('',(#242),#41,.F.);
#2253=ADVANCED_FACE('',(#243),#2159,.T.);
#2254=ADVANCED_FACE('',(#244),#42,.F.);
#2255=ADVANCED_FACE('',(#245),#2160,.T.);
#2256=ADVANCED_FACE('',(#246),#43,.F.);
#2257=ADVANCED_FACE('',(#247),#2161,.T.);
#2258=ADVANCED_FACE('',(#248),#44,.F.);
#2259=ADVANCED_FACE('',(#249),#2162,.T.);
#2260=ADVANCED_FACE('',(#250),#45,.F.);
#2261=ADVANCED_FACE('',(#251),#2163,.T.);
#2262=ADVANCED_FACE('',(#252),#46,.F.);
#2263=ADVANCED_FACE('',(#253),#2164,.T.);
#2264=ADVANCED_FACE('',(#254),#47,.F.);
#2265=ADVANCED_FACE('',(#255),#2165,.T.);
#2266=ADVANCED_FACE('',(#256),#48,.F.);
#2267=ADVANCED_FACE('',(#257),#2166,.T.);
#2268=ADVANCED_FACE('',(#258),#49,.F.);
#2269=ADVANCED_FACE('',(#259),#2167,.T.);
#2270=ADVANCED_FACE('',(#260),#50,.F.);
#2271=ADVANCED_FACE('',(#261),#2168,.T.);
#2272=ADVANCED_FACE('',(#262),#2169,.T.);
#2273=ADVANCED_FACE('',(#263),#2170,.T.);
#2274=ADVANCED_FACE('',(#264),#2171,.T.);
#2275=ADVANCED_FACE('',(#265,#82,#83,#84),#2172,.T.);
#2276=ADVANCED_FACE('',(#266,#85,#86,#87),#2173,.F.);
#2277=ADVANCED_FACE('',(#267),#2174,.T.);
#2278=ADVANCED_FACE('',(#268),#51,.F.);
#2279=ADVANCED_FACE('',(#269),#2175,.T.);
#2280=ADVANCED_FACE('',(#270),#52,.F.);
#2281=ADVANCED_FACE('',(#271),#2176,.T.);
#2282=ADVANCED_FACE('',(#272),#53,.F.);
#2283=ADVANCED_FACE('',(#273),#2177,.T.);
#2284=ADVANCED_FACE('',(#274),#54,.F.);
#2285=ADVANCED_FACE('',(#275),#2178,.T.);
#2286=ADVANCED_FACE('',(#276),#55,.F.);
#2287=ADVANCED_FACE('',(#277),#2179,.T.);
#2288=ADVANCED_FACE('',(#278),#56,.F.);
#2289=ADVANCED_FACE('',(#279),#2180,.T.);
#2290=ADVANCED_FACE('',(#280),#57,.F.);
#2291=ADVANCED_FACE('',(#281),#2181,.T.);
#2292=ADVANCED_FACE('',(#282),#58,.F.);
#2293=ADVANCED_FACE('',(#283),#2182,.T.);
#2294=ADVANCED_FACE('',(#284),#59,.F.);
#2295=ADVANCED_FACE('',(#285),#2183,.T.);
#2296=ADVANCED_FACE('',(#286),#60,.F.);
#2297=ADVANCED_FACE('',(#287),#2184,.T.);
#2298=ADVANCED_FACE('',(#288),#61,.F.);
#2299=ADVANCED_FACE('',(#289),#2185,.T.);
#2300=ADVANCED_FACE('',(#290),#62,.F.);
#2301=ADVANCED_FACE('',(#291),#2186,.T.);
#2302=ADVANCED_FACE('',(#292),#2187,.T.);
#2303=ADVANCED_FACE('',(#293),#2188,.T.);
#2304=ADVANCED_FACE('',(#294),#2189,.T.);
#2305=ADVANCED_FACE('',(#295,#88,#89,#90),#2190,.T.);
#2306=ADVANCED_FACE('',(#296,#91,#92,#93),#2191,.F.);
#2307=ADVANCED_FACE('',(#297,#94,#95,#96,#97,#98),#2192,.F.);
#2308=ADVANCED_FACE('',(#298),#2193,.T.);
#2309=ADVANCED_FACE('',(#299),#2194,.T.);
#2310=ADVANCED_FACE('',(#300),#2195,.T.);
#2311=ADVANCED_FACE('',(#301),#2196,.T.);
#2312=ADVANCED_FACE('',(#302),#2197,.T.);
#2313=ADVANCED_FACE('',(#303),#2198,.T.);
#2314=ADVANCED_FACE('',(#304),#63,.F.);
#2315=ADVANCED_FACE('',(#305),#64,.F.);
#2316=ADVANCED_FACE('',(#306),#65,.F.);
#2317=ADVANCED_FACE('',(#307),#66,.F.);
#2318=ADVANCED_FACE('',(#308),#2199,.T.);
#2319=ADVANCED_FACE('',(#309),#2200,.T.);
#2320=ADVANCED_FACE('',(#310,#99,#100,#101,#102,#103),#2201,.T.);
#2321=CLOSED_SHELL('',(#2202,#2203,#2204,#2205,#2206,#2207,#2208,#2209,
#2210,#2211,#2212,#2213,#2214,#2215,#2216));
#2322=CLOSED_SHELL('',(#2217,#2218,#2219,#2220,#2221,#2222,#2223,#2224,
#2225,#2226,#2227,#2228,#2229,#2230,#2231,#2232,#2233,#2234,#2235,#2236,
#2237,#2238,#2239,#2240,#2241,#2242,#2243,#2244,#2245,#2246));
#2323=CLOSED_SHELL('',(#2247,#2248,#2249,#2250,#2251,#2252,#2253,#2254,
#2255,#2256,#2257,#2258,#2259,#2260,#2261,#2262,#2263,#2264,#2265,#2266,
#2267,#2268,#2269,#2270,#2271,#2272,#2273,#2274,#2275,#2276));
#2324=CLOSED_SHELL('',(#2277,#2278,#2279,#2280,#2281,#2282,#2283,#2284,
#2285,#2286,#2287,#2288,#2289,#2290,#2291,#2292,#2293,#2294,#2295,#2296,
#2297,#2298,#2299,#2300,#2301,#2302,#2303,#2304,#2305,#2306));
#2325=CLOSED_SHELL('',(#2307,#2308,#2309,#2310,#2311,#2312,#2313,#2314,
#2315,#2316,#2317,#2318,#2319,#2320));
#2326=DERIVED_UNIT_ELEMENT(#2328,1.);
#2327=DERIVED_UNIT_ELEMENT(#3863,-3.);
#2328=(
MASS_UNIT()
NAMED_UNIT(*)
SI_UNIT(.KILO.,.GRAM.)
);
#2329=DERIVED_UNIT((#2326,#2327));
#2330=MEASURE_REPRESENTATION_ITEM('density measure',
POSITIVE_RATIO_MEASURE(7850.),#2329);
#2331=PROPERTY_DEFINITION_REPRESENTATION(#2336,#2333);
#2332=PROPERTY_DEFINITION_REPRESENTATION(#2337,#2334);
#2333=REPRESENTATION('material name',(#2335),#3860);
#2334=REPRESENTATION('density',(#2330),#3860);
#2335=DESCRIPTIVE_REPRESENTATION_ITEM('Steel','Steel');
#2336=PROPERTY_DEFINITION('material property','material name',#3870);
#2337=PROPERTY_DEFINITION('material property','density of part',#3870);
#2338=AXIS2_PLACEMENT_3D('',#3198,#2546,#2547);
#2339=AXIS2_PLACEMENT_3D('',#3199,#2548,#2549);
#2340=AXIS2_PLACEMENT_3D('',#3209,#2554,#2555);
#2341=AXIS2_PLACEMENT_3D('',#3211,#2556,#2557);
#2342=AXIS2_PLACEMENT_3D('',#3213,#2558,#2559);
#2343=AXIS2_PLACEMENT_3D('',#3215,#2560,#2561);
#2344=AXIS2_PLACEMENT_3D('',#3216,#2562,#2563);
#2345=AXIS2_PLACEMENT_3D('',#3225,#2568,#2569);
#2346=AXIS2_PLACEMENT_3D('',#3231,#2573,#2574);
#2347=AXIS2_PLACEMENT_3D('',#3235,#2577,#2578);
#2348=AXIS2_PLACEMENT_3D('',#3241,#2582,#2583);
#2349=AXIS2_PLACEMENT_3D('',#3245,#2586,#2587);
#2350=AXIS2_PLACEMENT_3D('',#3247,#2588,#2589);
#2351=AXIS2_PLACEMENT_3D('',#3249,#2591,#2592);
#2352=AXIS2_PLACEMENT_3D('',#3251,#2593,#2594);
#2353=AXIS2_PLACEMENT_3D('',#3253,#2596,#2597);
#2354=AXIS2_PLACEMENT_3D('',#3255,#2598,#2599);
#2355=AXIS2_PLACEMENT_3D('',#3257,#2601,#2602);
#2356=AXIS2_PLACEMENT_3D('',#3259,#2603,#2604);
#2357=AXIS2_PLACEMENT_3D('',#3261,#2606,#2607);
#2358=AXIS2_PLACEMENT_3D('',#3265,#2610,#2611);
#2359=AXIS2_PLACEMENT_3D('',#3267,#2613,#2614);
#2360=AXIS2_PLACEMENT_3D('',#3271,#2617,#2618);
#2361=AXIS2_PLACEMENT_3D('',#3273,#2620,#2621);
#2362=AXIS2_PLACEMENT_3D('',#3274,#2622,#2623);
#2363=AXIS2_PLACEMENT_3D('',#3283,#2628,#2629);
#2364=AXIS2_PLACEMENT_3D('',#3285,#2630,#2631);
#2365=AXIS2_PLACEMENT_3D('',#3287,#2632,#2633);
#2366=AXIS2_PLACEMENT_3D('',#3289,#2635,#2636);
#2367=AXIS2_PLACEMENT_3D('',#3295,#2640,#2641);
#2368=AXIS2_PLACEMENT_3D('',#3297,#2642,#2643);
#2369=AXIS2_PLACEMENT_3D('',#3299,#2644,#2645);
#2370=AXIS2_PLACEMENT_3D('',#3301,#2647,#2648);
#2371=AXIS2_PLACEMENT_3D('',#3307,#2652,#2653);
#2372=AXIS2_PLACEMENT_3D('',#3309,#2654,#2655);
#2373=AXIS2_PLACEMENT_3D('',#3311,#2656,#2657);
#2374=AXIS2_PLACEMENT_3D('',#3313,#2659,#2660);
#2375=AXIS2_PLACEMENT_3D('',#3319,#2664,#2665);
#2376=AXIS2_PLACEMENT_3D('',#3320,#2666,#2667);
#2377=AXIS2_PLACEMENT_3D('',#3321,#2668,#2669);
#2378=AXIS2_PLACEMENT_3D('',#3322,#2670,#2671);
#2379=AXIS2_PLACEMENT_3D('',#3331,#2676,#2677);
#2380=AXIS2_PLACEMENT_3D('',#3333,#2678,#2679);
#2381=AXIS2_PLACEMENT_3D('',#3335,#2680,#2681);
#2382=AXIS2_PLACEMENT_3D('',#3337,#2683,#2684);
#2383=AXIS2_PLACEMENT_3D('',#3343,#2688,#2689);
#2384=AXIS2_PLACEMENT_3D('',#3345,#2690,#2691);
#2385=AXIS2_PLACEMENT_3D('',#3347,#2692,#2693);
#2386=AXIS2_PLACEMENT_3D('',#3349,#2695,#2696);
#2387=AXIS2_PLACEMENT_3D('',#3355,#2700,#2701);
#2388=AXIS2_PLACEMENT_3D('',#3357,#2702,#2703);
#2389=AXIS2_PLACEMENT_3D('',#3359,#2704,#2705);
#2390=AXIS2_PLACEMENT_3D('',#3361,#2707,#2708);
#2391=AXIS2_PLACEMENT_3D('',#3367,#2712,#2713);
#2392=AXIS2_PLACEMENT_3D('',#3368,#2714,#2715);
#2393=AXIS2_PLACEMENT_3D('',#3369,#2716,#2717);
#2394=AXIS2_PLACEMENT_3D('',#3370,#2718,#2719);
#2395=AXIS2_PLACEMENT_3D('',#3379,#2724,#2725);
#2396=AXIS2_PLACEMENT_3D('',#3381,#2726,#2727);
#2397=AXIS2_PLACEMENT_3D('',#3383,#2728,#2729);
#2398=AXIS2_PLACEMENT_3D('',#3385,#2731,#2732);
#2399=AXIS2_PLACEMENT_3D('',#3391,#2736,#2737);
#2400=AXIS2_PLACEMENT_3D('',#3393,#2738,#2739);
#2401=AXIS2_PLACEMENT_3D('',#3395,#2740,#2741);
#2402=AXIS2_PLACEMENT_3D('',#3397,#2743,#2744);
#2403=AXIS2_PLACEMENT_3D('',#3403,#2748,#2749);
#2404=AXIS2_PLACEMENT_3D('',#3405,#2750,#2751);
#2405=AXIS2_PLACEMENT_3D('',#3407,#2752,#2753);
#2406=AXIS2_PLACEMENT_3D('',#3409,#2755,#2756);
#2407=AXIS2_PLACEMENT_3D('',#3415,#2760,#2761);
#2408=AXIS2_PLACEMENT_3D('',#3416,#2762,#2763);
#2409=AXIS2_PLACEMENT_3D('',#3417,#2764,#2765);
#2410=AXIS2_PLACEMENT_3D('',#3418,#2766,#2767);
#2411=AXIS2_PLACEMENT_3D('',#3427,#2772,#2773);
#2412=AXIS2_PLACEMENT_3D('',#3433,#2777,#2778);
#2413=AXIS2_PLACEMENT_3D('',#3439,#2782,#2783);
#2414=AXIS2_PLACEMENT_3D('',#3442,#2786,#2787);
#2415=AXIS2_PLACEMENT_3D('',#3443,#2788,#2789);
#2416=AXIS2_PLACEMENT_3D('',#3444,#2790,#2791);
#2417=AXIS2_PLACEMENT_3D('',#3453,#2796,#2797);
#2418=AXIS2_PLACEMENT_3D('',#3455,#2798,#2799);
#2419=AXIS2_PLACEMENT_3D('',#3457,#2800,#2801);
#2420=AXIS2_PLACEMENT_3D('',#3459,#2803,#2804);
#2421=AXIS2_PLACEMENT_3D('',#3465,#2808,#2809);
#2422=AXIS2_PLACEMENT_3D('',#3467,#2810,#2811);
#2423=AXIS2_PLACEMENT_3D('',#3469,#2812,#2813);
#2424=AXIS2_PLACEMENT_3D('',#3471,#2815,#2816);
#2425=AXIS2_PLACEMENT_3D('',#3477,#2820,#2821);
#2426=AXIS2_PLACEMENT_3D('',#3479,#2822,#2823);
#2427=AXIS2_PLACEMENT_3D('',#3481,#2824,#2825);
#2428=AXIS2_PLACEMENT_3D('',#3483,#2827,#2828);
#2429=AXIS2_PLACEMENT_3D('',#3489,#2832,#2833);
#2430=AXIS2_PLACEMENT_3D('',#3490,#2834,#2835);
#2431=AXIS2_PLACEMENT_3D('',#3491,#2836,#2837);
#2432=AXIS2_PLACEMENT_3D('',#3492,#2838,#2839);
#2433=AXIS2_PLACEMENT_3D('',#3501,#2844,#2845);
#2434=AXIS2_PLACEMENT_3D('',#3503,#2846,#2847);
#2435=AXIS2_PLACEMENT_3D('',#3505,#2848,#2849);
#2436=AXIS2_PLACEMENT_3D('',#3507,#2851,#2852);
#2437=AXIS2_PLACEMENT_3D('',#3513,#2856,#2857);
#2438=AXIS2_PLACEMENT_3D('',#3515,#2858,#2859);
#2439=AXIS2_PLACEMENT_3D('',#3517,#2860,#2861);
#2440=AXIS2_PLACEMENT_3D('',#3519,#2863,#2864);
#2441=AXIS2_PLACEMENT_3D('',#3525,#2868,#2869);
#2442=AXIS2_PLACEMENT_3D('',#3527,#2870,#2871);
#2443=AXIS2_PLACEMENT_3D('',#3529,#2872,#2873);
#2444=AXIS2_PLACEMENT_3D('',#3531,#2875,#2876);
#2445=AXIS2_PLACEMENT_3D('',#3537,#2880,#2881);
#2446=AXIS2_PLACEMENT_3D('',#3538,#2882,#2883);
#2447=AXIS2_PLACEMENT_3D('',#3539,#2884,#2885);
#2448=AXIS2_PLACEMENT_3D('',#3540,#2886,#2887);
#2449=AXIS2_PLACEMENT_3D('',#3549,#2892,#2893);
#2450=AXIS2_PLACEMENT_3D('',#3551,#2894,#2895);
#2451=AXIS2_PLACEMENT_3D('',#3553,#2896,#2897);
#2452=AXIS2_PLACEMENT_3D('',#3555,#2899,#2900);
#2453=AXIS2_PLACEMENT_3D('',#3561,#2904,#2905);
#2454=AXIS2_PLACEMENT_3D('',#3563,#2906,#2907);
#2455=AXIS2_PLACEMENT_3D('',#3565,#2908,#2909);
#2456=AXIS2_PLACEMENT_3D('',#3567,#2911,#2912);
#2457=AXIS2_PLACEMENT_3D('',#3573,#2916,#2917);
#2458=AXIS2_PLACEMENT_3D('',#3575,#2918,#2919);
#2459=AXIS2_PLACEMENT_3D('',#3577,#2920,#2921);
#2460=AXIS2_PLACEMENT_3D('',#3579,#2923,#2924);
#2461=AXIS2_PLACEMENT_3D('',#3585,#2928,#2929);
#2462=AXIS2_PLACEMENT_3D('',#3586,#2930,#2931);
#2463=AXIS2_PLACEMENT_3D('',#3587,#2932,#2933);
#2464=AXIS2_PLACEMENT_3D('',#3588,#2934,#2935);
#2465=AXIS2_PLACEMENT_3D('',#3597,#2940,#2941);
#2466=AXIS2_PLACEMENT_3D('',#3603,#2945,#2946);
#2467=AXIS2_PLACEMENT_3D('',#3609,#2950,#2951);
#2468=AXIS2_PLACEMENT_3D('',#3612,#2954,#2955);
#2469=AXIS2_PLACEMENT_3D('',#3613,#2956,#2957);
#2470=AXIS2_PLACEMENT_3D('',#3614,#2958,#2959);
#2471=AXIS2_PLACEMENT_3D('',#3623,#2964,#2965);
#2472=AXIS2_PLACEMENT_3D('',#3625,#2966,#2967);
#2473=AXIS2_PLACEMENT_3D('',#3627,#2968,#2969);
#2474=AXIS2_PLACEMENT_3D('',#3629,#2971,#2972);
#2475=AXIS2_PLACEMENT_3D('',#3635,#2976,#2977);
#2476=AXIS2_PLACEMENT_3D('',#3637,#2978,#2979);
#2477=AXIS2_PLACEMENT_3D('',#3639,#2980,#2981);
#2478=AXIS2_PLACEMENT_3D('',#3641,#2983,#2984);
#2479=AXIS2_PLACEMENT_3D('',#3647,#2988,#2989);
#2480=AXIS2_PLACEMENT_3D('',#3649,#2990,#2991);
#2481=AXIS2_PLACEMENT_3D('',#3651,#2992,#2993);
#2482=AXIS2_PLACEMENT_3D('',#3653,#2995,#2996);
#2483=AXIS2_PLACEMENT_3D('',#3659,#3000,#3001);
#2484=AXIS2_PLACEMENT_3D('',#3660,#3002,#3003);
#2485=AXIS2_PLACEMENT_3D('',#3661,#3004,#3005);
#2486=AXIS2_PLACEMENT_3D('',#3662,#3006,#3007);
#2487=AXIS2_PLACEMENT_3D('',#3671,#3012,#3013);
#2488=AXIS2_PLACEMENT_3D('',#3673,#3014,#3015);
#2489=AXIS2_PLACEMENT_3D('',#3675,#3016,#3017);
#2490=AXIS2_PLACEMENT_3D('',#3677,#3019,#3020);
#2491=AXIS2_PLACEMENT_3D('',#3683,#3024,#3025);
#2492=AXIS2_PLACEMENT_3D('',#3685,#3026,#3027);
#2493=AXIS2_PLACEMENT_3D('',#3687,#3028,#3029);
#2494=AXIS2_PLACEMENT_3D('',#3689,#3031,#3032);
#2495=AXIS2_PLACEMENT_3D('',#3695,#3036,#3037);
#2496=AXIS2_PLACEMENT_3D('',#3697,#3038,#3039);
#2497=AXIS2_PLACEMENT_3D('',#3699,#3040,#3041);
#2498=AXIS2_PLACEMENT_3D('',#3701,#3043,#3044);
#2499=AXIS2_PLACEMENT_3D('',#3707,#3048,#3049);
#2500=AXIS2_PLACEMENT_3D('',#3708,#3050,#3051);
#2501=AXIS2_PLACEMENT_3D('',#3709,#3052,#3053);
#2502=AXIS2_PLACEMENT_3D('',#3710,#3054,#3055);
#2503=AXIS2_PLACEMENT_3D('',#3719,#3060,#3061);
#2504=AXIS2_PLACEMENT_3D('',#3721,#3062,#3063);
#2505=AXIS2_PLACEMENT_3D('',#3723,#3064,#3065);
#2506=AXIS2_PLACEMENT_3D('',#3725,#3067,#3068);
#2507=AXIS2_PLACEMENT_3D('',#3731,#3072,#3073);
#2508=AXIS2_PLACEMENT_3D('',#3733,#3074,#3075);
#2509=AXIS2_PLACEMENT_3D('',#3735,#3076,#3077);
#2510=AXIS2_PLACEMENT_3D('',#3737,#3079,#3080);
#2511=AXIS2_PLACEMENT_3D('',#3743,#3084,#3085);
#2512=AXIS2_PLACEMENT_3D('',#3745,#3086,#3087);
#2513=AXIS2_PLACEMENT_3D('',#3747,#3088,#3089);
#2514=AXIS2_PLACEMENT_3D('',#3749,#3091,#3092);
#2515=AXIS2_PLACEMENT_3D('',#3755,#3096,#3097);
#2516=AXIS2_PLACEMENT_3D('',#3756,#3098,#3099);
#2517=AXIS2_PLACEMENT_3D('',#3757,#3100,#3101);
#2518=AXIS2_PLACEMENT_3D('',#3758,#3102,#3103);
#2519=AXIS2_PLACEMENT_3D('',#3767,#3108,#3109);
#2520=AXIS2_PLACEMENT_3D('',#3773,#3113,#3114);
#2521=AXIS2_PLACEMENT_3D('',#3779,#3118,#3119);
#2522=AXIS2_PLACEMENT_3D('',#3782,#3122,#3123);
#2523=AXIS2_PLACEMENT_3D('',#3783,#3124,#3125);
#2524=AXIS2_PLACEMENT_3D('',#3784,#3126,#3127);
#2525=AXIS2_PLACEMENT_3D('',#3794,#3132,#3133);
#2526=AXIS2_PLACEMENT_3D('',#3796,#3134,#3135);
#2527=AXIS2_PLACEMENT_3D('',#3798,#3136,#3137);
#2528=AXIS2_PLACEMENT_3D('',#3800,#3138,#3139);
#2529=AXIS2_PLACEMENT_3D('',#3809,#3144,#3145);
#2530=AXIS2_PLACEMENT_3D('',#3815,#3149,#3150);
#2531=AXIS2_PLACEMENT_3D('',#3819,#3153,#3154);
#2532=AXIS2_PLACEMENT_3D('',#3825,#3158,#3159);
#2533=AXIS2_PLACEMENT_3D('',#3829,#3162,#3163);
#2534=AXIS2_PLACEMENT_3D('',#3833,#3166,#3167);
#2535=AXIS2_PLACEMENT_3D('',#3835,#3169,#3170);
#2536=AXIS2_PLACEMENT_3D('',#3837,#3171,#3172);
#2537=AXIS2_PLACEMENT_3D('',#3839,#3174,#3175);
#2538=AXIS2_PLACEMENT_3D('',#3841,#3176,#3177);
#2539=AXIS2_PLACEMENT_3D('',#3843,#3179,#3180);
#2540=AXIS2_PLACEMENT_3D('',#3845,#3181,#3182);
#2541=AXIS2_PLACEMENT_3D('',#3847,#3184,#3185);
#2542=AXIS2_PLACEMENT_3D('',#3849,#3186,#3187);
#2543=AXIS2_PLACEMENT_3D('',#3851,#3189,#3190);
#2544=AXIS2_PLACEMENT_3D('',#3855,#3193,#3194);
#2545=AXIS2_PLACEMENT_3D('',#3857,#3196,#3197);
#2546=DIRECTION('axis',(0.,0.,1.));
#2547=DIRECTION('refdir',(1.,0.,0.));
#2548=DIRECTION('center_axis',(0.,0.,1.));
#2549=DIRECTION('ref_axis',(1.,0.,0.));
#2550=DIRECTION('',(-1.,0.,0.));
#2551=DIRECTION('',(0.,1.,0.));
#2552=DIRECTION('',(1.,0.,0.));
#2553=DIRECTION('',(0.,-1.,0.));
#2554=DIRECTION('center_axis',(0.,0.,-1.));
#2555=DIRECTION('ref_axis',(1.,0.,0.));
#2556=DIRECTION('center_axis',(0.,0.,-1.));
#2557=DIRECTION('ref_axis',(1.,0.,0.));
#2558=DIRECTION('center_axis',(0.,0.,-1.));
#2559=DIRECTION('ref_axis',(1.,0.,0.));
#2560=DIRECTION('center_axis',(0.,0.,-1.));
#2561=DIRECTION('ref_axis',(1.,0.,0.));
#2562=DIRECTION('center_axis',(0.,0.,1.));
#2563=DIRECTION('ref_axis',(1.,0.,0.));
#2564=DIRECTION('',(1.,0.,0.));
#2565=DIRECTION('',(0.,1.,0.));
#2566=DIRECTION('',(-1.,0.,0.));
#2567=DIRECTION('',(0.,-1.,0.));
#2568=DIRECTION('center_axis',(1.,0.,0.));
#2569=DIRECTION('ref_axis',(0.,1.,0.));
#2570=DIRECTION('',(0.,1.,0.));
#2571=DIRECTION('',(0.,0.,1.));
#2572=DIRECTION('',(0.,0.,1.));
#2573=DIRECTION('center_axis',(0.,1.,0.));
#2574=DIRECTION('ref_axis',(-1.,0.,0.));
#2575=DIRECTION('',(-1.,0.,0.));
#2576=DIRECTION('',(0.,0.,1.));
#2577=DIRECTION('center_axis',(1.,0.,0.));
#2578=DIRECTION('ref_axis',(0.,1.,0.));
#2579=DIRECTION('',(0.,1.,0.));
#2580=DIRECTION('',(0.,0.,1.));
#2581=DIRECTION('',(0.,0.,1.));
#2582=DIRECTION('center_axis',(0.,-1.,0.));
#2583=DIRECTION('ref_axis',(1.,0.,0.));
#2584=DIRECTION('',(1.,0.,0.));
#2585=DIRECTION('',(0.,0.,1.));
#2586=DIRECTION('center_axis',(0.,0.,1.));
#2587=DIRECTION('ref_axis',(1.,0.,0.));
#2588=DIRECTION('center_axis',(0.,0.,-1.));
#2589=DIRECTION('ref_axis',(1.,0.,0.));
#2590=DIRECTION('',(0.,0.,-1.));
#2591=DIRECTION('center_axis',(0.,0.,1.));
#2592=DIRECTION('ref_axis',(1.,0.,0.));
#2593=DIRECTION('center_axis',(0.,0.,-1.));
#2594=DIRECTION('ref_axis',(1.,0.,0.));
#2595=DIRECTION('',(0.,0.,-1.));
#2596=DIRECTION('center_axis',(0.,0.,1.));
#2597=DIRECTION('ref_axis',(1.,0.,0.));
#2598=DIRECTION('center_axis',(0.,0.,-1.));
#2599=DIRECTION('ref_axis',(1.,0.,0.));
#2600=DIRECTION('',(0.,0.,-1.));
#2601=DIRECTION('center_axis',(0.,0.,1.));
#2602=DIRECTION('ref_axis',(1.,0.,0.));
#2603=DIRECTION('center_axis',(0.,0.,-1.));
#2604=DIRECTION('ref_axis',(1.,0.,0.));
#2605=DIRECTION('',(0.,0.,-1.));
#2606=DIRECTION('center_axis',(-1.,0.,0.));
#2607=DIRECTION('ref_axis',(0.,-1.,0.));
#2608=DIRECTION('',(0.,-1.,0.));
#2609=DIRECTION('',(0.,0.,1.));
#2610=DIRECTION('center_axis',(0.,-1.,0.));
#2611=DIRECTION('ref_axis',(1.,0.,0.));
#2612=DIRECTION('',(1.,0.,0.));
#2613=DIRECTION('center_axis',(-1.,0.,0.));
#2614=DIRECTION('ref_axis',(0.,-1.,0.));
#2615=DIRECTION('',(0.,-1.,0.));
#2616=DIRECTION('',(0.,0.,1.));
#2617=DIRECTION('center_axis',(0.,1.,0.));
#2618=DIRECTION('ref_axis',(-1.,0.,0.));
#2619=DIRECTION('',(-1.,0.,0.));
#2620=DIRECTION('center_axis',(0.,0.,1.));
#2621=DIRECTION('ref_axis',(1.,0.,0.));
#2622=DIRECTION('center_axis',(1.,0.,0.));
#2623=DIRECTION('ref_axis',(0.,1.,0.));
#2624=DIRECTION('',(0.,1.,0.));
#2625=DIRECTION('',(0.,0.,1.));
#2626=DIRECTION('',(0.,1.,0.));
#2627=DIRECTION('',(0.,0.,1.));
#2628=DIRECTION('center_axis',(0.,0.,1.));
#2629=DIRECTION('ref_axis',(-1.,0.,0.));
#2630=DIRECTION('center_axis',(0.,0.,-1.));
#2631=DIRECTION('ref_axis',(-1.,0.,0.));
#2632=DIRECTION('center_axis',(0.,0.,-1.));
#2633=DIRECTION('ref_axis',(-1.,0.,0.));
#2634=DIRECTION('',(0.,0.,1.));
#2635=DIRECTION('center_axis',(0.,1.,0.));
#2636=DIRECTION('ref_axis',(-1.,0.,0.));
#2637=DIRECTION('',(-1.,0.,0.));
#2638=DIRECTION('',(-1.,0.,0.));
#2639=DIRECTION('',(0.,0.,1.));
#2640=DIRECTION('center_axis',(0.,0.,1.));
#2641=DIRECTION('ref_axis',(0.,-1.,0.));
#2642=DIRECTION('center_axis',(0.,0.,-1.));
#2643=DIRECTION('ref_axis',(0.,-1.,0.));
#2644=DIRECTION('center_axis',(0.,0.,-1.));
#2645=DIRECTION('ref_axis',(0.,-1.,0.));
#2646=DIRECTION('',(0.,0.,1.));
#2647=DIRECTION('center_axis',(-1.,0.,0.));
#2648=DIRECTION('ref_axis',(0.,-1.,0.));
#2649=DIRECTION('',(0.,-1.,0.));
#2650=DIRECTION('',(0.,-1.,0.));
#2651=DIRECTION('',(0.,0.,1.));
#2652=DIRECTION('center_axis',(0.,0.,1.));
#2653=DIRECTION('ref_axis',(1.,0.,0.));
#2654=DIRECTION('center_axis',(0.,0.,-1.));
#2655=DIRECTION('ref_axis',(1.,0.,0.));
#2656=DIRECTION('center_axis',(0.,0.,-1.));
#2657=DIRECTION('ref_axis',(1.,0.,0.));
#2658=DIRECTION('',(0.,0.,1.));
#2659=DIRECTION('center_axis',(0.,-1.,0.));
#2660=DIRECTION('ref_axis',(1.,0.,0.));
#2661=DIRECTION('',(1.,0.,0.));
#2662=DIRECTION('',(1.,0.,0.));
#2663=DIRECTION('',(0.,0.,1.));
#2664=DIRECTION('center_axis',(0.,0.,1.));
#2665=DIRECTION('ref_axis',(0.,1.,0.));
#2666=DIRECTION('center_axis',(0.,0.,-1.));
#2667=DIRECTION('ref_axis',(0.,1.,0.));
#2668=DIRECTION('center_axis',(0.,0.,-1.));
#2669=DIRECTION('ref_axis',(0.,1.,0.));
#2670=DIRECTION('center_axis',(1.,0.,0.));
#2671=DIRECTION('ref_axis',(0.,1.,0.));
#2672=DIRECTION('',(0.,1.,0.));
#2673=DIRECTION('',(0.,0.,1.));
#2674=DIRECTION('',(0.,1.,0.));
#2675=DIRECTION('',(0.,0.,1.));
#2676=DIRECTION('center_axis',(0.,0.,1.));
#2677=DIRECTION('ref_axis',(-1.,0.,0.));
#2678=DIRECTION('center_axis',(0.,0.,-1.));
#2679=DIRECTION('ref_axis',(-1.,0.,0.));
#2680=DIRECTION('center_axis',(0.,0.,-1.));
#2681=DIRECTION('ref_axis',(-1.,0.,0.));
#2682=DIRECTION('',(0.,0.,1.));
#2683=DIRECTION('center_axis',(0.,1.,0.));
#2684=DIRECTION('ref_axis',(-1.,0.,0.));
#2685=DIRECTION('',(-1.,0.,0.));
#2686=DIRECTION('',(-1.,0.,0.));
#2687=DIRECTION('',(0.,0.,1.));
#2688=DIRECTION('center_axis',(0.,0.,1.));
#2689=DIRECTION('ref_axis',(0.,-1.,0.));
#2690=DIRECTION('center_axis',(0.,0.,-1.));
#2691=DIRECTION('ref_axis',(0.,-1.,0.));
#2692=DIRECTION('center_axis',(0.,0.,-1.));
#2693=DIRECTION('ref_axis',(0.,-1.,0.));
#2694=DIRECTION('',(0.,0.,1.));
#2695=DIRECTION('center_axis',(-1.,0.,0.));
#2696=DIRECTION('ref_axis',(0.,-1.,0.));
#2697=DIRECTION('',(0.,-1.,0.));
#2698=DIRECTION('',(0.,-1.,0.));
#2699=DIRECTION('',(0.,0.,1.));
#2700=DIRECTION('center_axis',(0.,0.,1.));
#2701=DIRECTION('ref_axis',(1.,0.,0.));
#2702=DIRECTION('center_axis',(0.,0.,-1.));
#2703=DIRECTION('ref_axis',(1.,0.,0.));
#2704=DIRECTION('center_axis',(0.,0.,-1.));
#2705=DIRECTION('ref_axis',(1.,0.,0.));
#2706=DIRECTION('',(0.,0.,1.));
#2707=DIRECTION('center_axis',(0.,-1.,0.));
#2708=DIRECTION('ref_axis',(1.,0.,0.));
#2709=DIRECTION('',(1.,0.,0.));
#2710=DIRECTION('',(1.,0.,0.));
#2711=DIRECTION('',(0.,0.,1.));
#2712=DIRECTION('center_axis',(0.,0.,1.));
#2713=DIRECTION('ref_axis',(0.,1.,0.));
#2714=DIRECTION('center_axis',(0.,0.,-1.));
#2715=DIRECTION('ref_axis',(0.,1.,0.));
#2716=DIRECTION('center_axis',(0.,0.,-1.));
#2717=DIRECTION('ref_axis',(0.,1.,0.));
#2718=DIRECTION('center_axis',(1.,0.,0.));
#2719=DIRECTION('ref_axis',(0.,1.,0.));
#2720=DIRECTION('',(0.,1.,0.));
#2721=DIRECTION('',(0.,0.,1.));
#2722=DIRECTION('',(0.,1.,0.));
#2723=DIRECTION('',(0.,0.,1.));
#2724=DIRECTION('center_axis',(0.,0.,1.));
#2725=DIRECTION('ref_axis',(-1.,0.,0.));
#2726=DIRECTION('center_axis',(0.,0.,-1.));
#2727=DIRECTION('ref_axis',(-1.,0.,0.));
#2728=DIRECTION('center_axis',(0.,0.,-1.));
#2729=DIRECTION('ref_axis',(-1.,0.,0.));
#2730=DIRECTION('',(0.,0.,1.));
#2731=DIRECTION('center_axis',(0.,1.,0.));
#2732=DIRECTION('ref_axis',(-1.,0.,0.));
#2733=DIRECTION('',(-1.,0.,0.));
#2734=DIRECTION('',(-1.,0.,0.));
#2735=DIRECTION('',(0.,0.,1.));
#2736=DIRECTION('center_axis',(0.,0.,1.));
#2737=DIRECTION('ref_axis',(0.,-1.,0.));
#2738=DIRECTION('center_axis',(0.,0.,-1.));
#2739=DIRECTION('ref_axis',(0.,-1.,0.));
#2740=DIRECTION('center_axis',(0.,0.,-1.));
#2741=DIRECTION('ref_axis',(0.,-1.,0.));
#2742=DIRECTION('',(0.,0.,1.));
#2743=DIRECTION('center_axis',(-1.,0.,0.));
#2744=DIRECTION('ref_axis',(0.,-1.,0.));
#2745=DIRECTION('',(0.,-1.,0.));
#2746=DIRECTION('',(0.,-1.,0.));
#2747=DIRECTION('',(0.,0.,1.));
#2748=DIRECTION('center_axis',(0.,0.,1.));
#2749=DIRECTION('ref_axis',(1.,0.,0.));
#2750=DIRECTION('center_axis',(0.,0.,-1.));
#2751=DIRECTION('ref_axis',(1.,0.,0.));
#2752=DIRECTION('center_axis',(0.,0.,-1.));
#2753=DIRECTION('ref_axis',(1.,0.,0.));
#2754=DIRECTION('',(0.,0.,1.));
#2755=DIRECTION('center_axis',(0.,-1.,0.));
#2756=DIRECTION('ref_axis',(1.,0.,0.));
#2757=DIRECTION('',(1.,0.,0.));
#2758=DIRECTION('',(1.,0.,0.));
#2759=DIRECTION('',(0.,0.,1.));
#2760=DIRECTION('center_axis',(0.,0.,1.));
#2761=DIRECTION('ref_axis',(0.,1.,0.));
#2762=DIRECTION('center_axis',(0.,0.,-1.));
#2763=DIRECTION('ref_axis',(0.,1.,0.));
#2764=DIRECTION('center_axis',(0.,0.,-1.));
#2765=DIRECTION('ref_axis',(0.,1.,0.));
#2766=DIRECTION('center_axis',(-1.,0.,0.));
#2767=DIRECTION('ref_axis',(0.,-1.,0.));
#2768=DIRECTION('',(0.,1.,0.));
#2769=DIRECTION('',(0.,0.,1.));
#2770=DIRECTION('',(0.,-1.,0.));
#2771=DIRECTION('',(0.,0.,1.));
#2772=DIRECTION('center_axis',(0.,1.,0.));
#2773=DIRECTION('ref_axis',(-1.,0.,0.));
#2774=DIRECTION('',(1.,0.,0.));
#2775=DIRECTION('',(-1.,0.,0.));
#2776=DIRECTION('',(0.,0.,1.));
#2777=DIRECTION('center_axis',(1.,0.,0.));
#2778=DIRECTION('ref_axis',(0.,1.,0.));
#2779=DIRECTION('',(0.,1.,0.));
#2780=DIRECTION('',(0.,1.,0.));
#2781=DIRECTION('',(0.,0.,1.));
#2782=DIRECTION('center_axis',(0.,-1.,0.));
#2783=DIRECTION('ref_axis',(1.,0.,0.));
#2784=DIRECTION('',(1.,0.,0.));
#2785=DIRECTION('',(1.,0.,0.));
#2786=DIRECTION('center_axis',(0.,0.,1.));
#2787=DIRECTION('ref_axis',(1.,0.,0.));
#2788=DIRECTION('center_axis',(0.,0.,1.));
#2789=DIRECTION('ref_axis',(1.,0.,0.));
#2790=DIRECTION('center_axis',(1.,0.,0.));
#2791=DIRECTION('ref_axis',(0.,1.,0.));
#2792=DIRECTION('',(0.,1.,0.));
#2793=DIRECTION('',(0.,0.,1.));
#2794=DIRECTION('',(0.,1.,0.));
#2795=DIRECTION('',(0.,0.,1.));
#2796=DIRECTION('center_axis',(0.,0.,1.));
#2797=DIRECTION('ref_axis',(-1.,0.,0.));
#2798=DIRECTION('center_axis',(0.,0.,-1.));
#2799=DIRECTION('ref_axis',(-1.,0.,0.));
#2800=DIRECTION('center_axis',(0.,0.,-1.));
#2801=DIRECTION('ref_axis',(-1.,0.,0.));
#2802=DIRECTION('',(0.,0.,1.));
#2803=DIRECTION('center_axis',(0.,1.,0.));
#2804=DIRECTION('ref_axis',(-1.,0.,0.));
#2805=DIRECTION('',(-1.,0.,0.));
#2806=DIRECTION('',(-1.,0.,0.));
#2807=DIRECTION('',(0.,0.,1.));
#2808=DIRECTION('center_axis',(0.,0.,1.));
#2809=DIRECTION('ref_axis',(0.,-1.,0.));
#2810=DIRECTION('center_axis',(0.,0.,-1.));
#2811=DIRECTION('ref_axis',(0.,-1.,0.));
#2812=DIRECTION('center_axis',(0.,0.,-1.));
#2813=DIRECTION('ref_axis',(0.,-1.,0.));
#2814=DIRECTION('',(0.,0.,1.));
#2815=DIRECTION('center_axis',(-1.,0.,0.));
#2816=DIRECTION('ref_axis',(0.,-1.,0.));
#2817=DIRECTION('',(0.,-1.,0.));
#2818=DIRECTION('',(0.,-1.,0.));
#2819=DIRECTION('',(0.,0.,1.));
#2820=DIRECTION('center_axis',(0.,0.,1.));
#2821=DIRECTION('ref_axis',(1.,0.,0.));
#2822=DIRECTION('center_axis',(0.,0.,-1.));
#2823=DIRECTION('ref_axis',(1.,0.,0.));
#2824=DIRECTION('center_axis',(0.,0.,-1.));
#2825=DIRECTION('ref_axis',(1.,0.,0.));
#2826=DIRECTION('',(0.,0.,1.));
#2827=DIRECTION('center_axis',(0.,-1.,0.));
#2828=DIRECTION('ref_axis',(1.,0.,0.));
#2829=DIRECTION('',(1.,0.,0.));
#2830=DIRECTION('',(1.,0.,0.));
#2831=DIRECTION('',(0.,0.,1.));
#2832=DIRECTION('center_axis',(0.,0.,1.));
#2833=DIRECTION('ref_axis',(0.,1.,0.));
#2834=DIRECTION('center_axis',(0.,0.,-1.));
#2835=DIRECTION('ref_axis',(0.,1.,0.));
#2836=DIRECTION('center_axis',(0.,0.,-1.));
#2837=DIRECTION('ref_axis',(0.,1.,0.));
#2838=DIRECTION('center_axis',(1.,0.,0.));
#2839=DIRECTION('ref_axis',(0.,1.,0.));
#2840=DIRECTION('',(0.,1.,0.));
#2841=DIRECTION('',(0.,0.,1.));
#2842=DIRECTION('',(0.,1.,0.));
#2843=DIRECTION('',(0.,0.,1.));
#2844=DIRECTION('center_axis',(0.,0.,1.));
#2845=DIRECTION('ref_axis',(-1.,0.,0.));
#2846=DIRECTION('center_axis',(0.,0.,-1.));
#2847=DIRECTION('ref_axis',(-1.,0.,0.));
#2848=DIRECTION('center_axis',(0.,0.,-1.));
#2849=DIRECTION('ref_axis',(-1.,0.,0.));
#2850=DIRECTION('',(0.,0.,1.));
#2851=DIRECTION('center_axis',(0.,1.,0.));
#2852=DIRECTION('ref_axis',(-1.,0.,0.));
#2853=DIRECTION('',(-1.,0.,0.));
#2854=DIRECTION('',(-1.,0.,0.));
#2855=DIRECTION('',(0.,0.,1.));
#2856=DIRECTION('center_axis',(0.,0.,1.));
#2857=DIRECTION('ref_axis',(0.,-1.,0.));
#2858=DIRECTION('center_axis',(0.,0.,-1.));
#2859=DIRECTION('ref_axis',(0.,-1.,0.));
#2860=DIRECTION('center_axis',(0.,0.,-1.));
#2861=DIRECTION('ref_axis',(0.,-1.,0.));
#2862=DIRECTION('',(0.,0.,1.));
#2863=DIRECTION('center_axis',(-1.,0.,0.));
#2864=DIRECTION('ref_axis',(0.,-1.,0.));
#2865=DIRECTION('',(0.,-1.,0.));
#2866=DIRECTION('',(0.,-1.,0.));
#2867=DIRECTION('',(0.,0.,1.));
#2868=DIRECTION('center_axis',(0.,0.,1.));
#2869=DIRECTION('ref_axis',(1.,0.,0.));
#2870=DIRECTION('center_axis',(0.,0.,-1.));
#2871=DIRECTION('ref_axis',(1.,0.,0.));
#2872=DIRECTION('center_axis',(0.,0.,-1.));
#2873=DIRECTION('ref_axis',(1.,0.,0.));
#2874=DIRECTION('',(0.,0.,1.));
#2875=DIRECTION('center_axis',(0.,-1.,0.));
#2876=DIRECTION('ref_axis',(1.,0.,0.));
#2877=DIRECTION('',(1.,0.,0.));
#2878=DIRECTION('',(1.,0.,0.));
#2879=DIRECTION('',(0.,0.,1.));
#2880=DIRECTION('center_axis',(0.,0.,1.));
#2881=DIRECTION('ref_axis',(0.,1.,0.));
#2882=DIRECTION('center_axis',(0.,0.,-1.));
#2883=DIRECTION('ref_axis',(0.,1.,0.));
#2884=DIRECTION('center_axis',(0.,0.,-1.));
#2885=DIRECTION('ref_axis',(0.,1.,0.));
#2886=DIRECTION('center_axis',(1.,0.,0.));
#2887=DIRECTION('ref_axis',(0.,1.,0.));
#2888=DIRECTION('',(0.,1.,0.));
#2889=DIRECTION('',(0.,0.,1.));
#2890=DIRECTION('',(0.,1.,0.));
#2891=DIRECTION('',(0.,0.,1.));
#2892=DIRECTION('center_axis',(0.,0.,1.));
#2893=DIRECTION('ref_axis',(-1.,0.,0.));
#2894=DIRECTION('center_axis',(0.,0.,-1.));
#2895=DIRECTION('ref_axis',(-1.,0.,0.));
#2896=DIRECTION('center_axis',(0.,0.,-1.));
#2897=DIRECTION('ref_axis',(-1.,0.,0.));
#2898=DIRECTION('',(0.,0.,1.));
#2899=DIRECTION('center_axis',(0.,1.,0.));
#2900=DIRECTION('ref_axis',(-1.,0.,0.));
#2901=DIRECTION('',(-1.,0.,0.));
#2902=DIRECTION('',(-1.,0.,0.));
#2903=DIRECTION('',(0.,0.,1.));
#2904=DIRECTION('center_axis',(0.,0.,1.));
#2905=DIRECTION('ref_axis',(0.,-1.,0.));
#2906=DIRECTION('center_axis',(0.,0.,-1.));
#2907=DIRECTION('ref_axis',(0.,-1.,0.));
#2908=DIRECTION('center_axis',(0.,0.,-1.));
#2909=DIRECTION('ref_axis',(0.,-1.,0.));
#2910=DIRECTION('',(0.,0.,1.));
#2911=DIRECTION('center_axis',(-1.,0.,0.));
#2912=DIRECTION('ref_axis',(0.,-1.,0.));
#2913=DIRECTION('',(0.,-1.,0.));
#2914=DIRECTION('',(0.,-1.,0.));
#2915=DIRECTION('',(0.,0.,1.));
#2916=DIRECTION('center_axis',(0.,0.,1.));
#2917=DIRECTION('ref_axis',(1.,0.,0.));
#2918=DIRECTION('center_axis',(0.,0.,-1.));
#2919=DIRECTION('ref_axis',(1.,0.,0.));
#2920=DIRECTION('center_axis',(0.,0.,-1.));
#2921=DIRECTION('ref_axis',(1.,0.,0.));
#2922=DIRECTION('',(0.,0.,1.));
#2923=DIRECTION('center_axis',(0.,-1.,0.));
#2924=DIRECTION('ref_axis',(1.,0.,0.));
#2925=DIRECTION('',(1.,0.,0.));
#2926=DIRECTION('',(1.,0.,0.));
#2927=DIRECTION('',(0.,0.,1.));
#2928=DIRECTION('center_axis',(0.,0.,1.));
#2929=DIRECTION('ref_axis',(0.,1.,0.));
#2930=DIRECTION('center_axis',(0.,0.,-1.));
#2931=DIRECTION('ref_axis',(0.,1.,0.));
#2932=DIRECTION('center_axis',(0.,0.,-1.));
#2933=DIRECTION('ref_axis',(0.,1.,0.));
#2934=DIRECTION('center_axis',(-1.,0.,0.));
#2935=DIRECTION('ref_axis',(0.,-1.,0.));
#2936=DIRECTION('',(0.,1.,0.));
#2937=DIRECTION('',(0.,0.,1.));
#2938=DIRECTION('',(0.,-1.,0.));
#2939=DIRECTION('',(0.,0.,1.));
#2940=DIRECTION('center_axis',(0.,1.,0.));
#2941=DIRECTION('ref_axis',(-1.,0.,0.));
#2942=DIRECTION('',(1.,0.,0.));
#2943=DIRECTION('',(-1.,0.,0.));
#2944=DIRECTION('',(0.,0.,1.));
#2945=DIRECTION('center_axis',(1.,0.,0.));
#2946=DIRECTION('ref_axis',(0.,1.,0.));
#2947=DIRECTION('',(0.,1.,0.));
#2948=DIRECTION('',(0.,1.,0.));
#2949=DIRECTION('',(0.,0.,1.));
#2950=DIRECTION('center_axis',(0.,-1.,0.));
#2951=DIRECTION('ref_axis',(1.,0.,0.));
#2952=DIRECTION('',(1.,0.,0.));
#2953=DIRECTION('',(1.,0.,0.));
#2954=DIRECTION('center_axis',(0.,0.,1.));
#2955=DIRECTION('ref_axis',(1.,0.,0.));
#2956=DIRECTION('center_axis',(0.,0.,1.));
#2957=DIRECTION('ref_axis',(1.,0.,0.));
#2958=DIRECTION('center_axis',(1.,0.,0.));
#2959=DIRECTION('ref_axis',(0.,1.,0.));
#2960=DIRECTION('',(0.,1.,0.));
#2961=DIRECTION('',(0.,0.,1.));
#2962=DIRECTION('',(0.,1.,0.));
#2963=DIRECTION('',(0.,0.,1.));
#2964=DIRECTION('center_axis',(0.,0.,1.));
#2965=DIRECTION('ref_axis',(-1.,0.,0.));
#2966=DIRECTION('center_axis',(0.,0.,-1.));
#2967=DIRECTION('ref_axis',(-1.,0.,0.));
#2968=DIRECTION('center_axis',(0.,0.,-1.));
#2969=DIRECTION('ref_axis',(-1.,0.,0.));
#2970=DIRECTION('',(0.,0.,1.));
#2971=DIRECTION('center_axis',(0.,1.,0.));
#2972=DIRECTION('ref_axis',(-1.,0.,0.));
#2973=DIRECTION('',(-1.,0.,0.));
#2974=DIRECTION('',(-1.,0.,0.));
#2975=DIRECTION('',(0.,0.,1.));
#2976=DIRECTION('center_axis',(0.,0.,1.));
#2977=DIRECTION('ref_axis',(0.,-1.,0.));
#2978=DIRECTION('center_axis',(0.,0.,-1.));
#2979=DIRECTION('ref_axis',(0.,-1.,0.));
#2980=DIRECTION('center_axis',(0.,0.,-1.));
#2981=DIRECTION('ref_axis',(0.,-1.,0.));
#2982=DIRECTION('',(0.,0.,1.));
#2983=DIRECTION('center_axis',(-1.,0.,0.));
#2984=DIRECTION('ref_axis',(0.,-1.,0.));
#2985=DIRECTION('',(0.,-1.,0.));
#2986=DIRECTION('',(0.,-1.,0.));
#2987=DIRECTION('',(0.,0.,1.));
#2988=DIRECTION('center_axis',(0.,0.,1.));
#2989=DIRECTION('ref_axis',(1.,0.,0.));
#2990=DIRECTION('center_axis',(0.,0.,-1.));
#2991=DIRECTION('ref_axis',(1.,0.,0.));
#2992=DIRECTION('center_axis',(0.,0.,-1.));
#2993=DIRECTION('ref_axis',(1.,0.,0.));
#2994=DIRECTION('',(0.,0.,1.));
#2995=DIRECTION('center_axis',(0.,-1.,0.));
#2996=DIRECTION('ref_axis',(1.,0.,0.));
#2997=DIRECTION('',(1.,0.,0.));
#2998=DIRECTION('',(1.,0.,0.));
#2999=DIRECTION('',(0.,0.,1.));
#3000=DIRECTION('center_axis',(0.,0.,1.));
#3001=DIRECTION('ref_axis',(0.,1.,0.));
#3002=DIRECTION('center_axis',(0.,0.,-1.));
#3003=DIRECTION('ref_axis',(0.,1.,0.));
#3004=DIRECTION('center_axis',(0.,0.,-1.));
#3005=DIRECTION('ref_axis',(0.,1.,0.));
#3006=DIRECTION('center_axis',(1.,0.,0.));
#3007=DIRECTION('ref_axis',(0.,1.,0.));
#3008=DIRECTION('',(0.,1.,0.));
#3009=DIRECTION('',(0.,0.,1.));
#3010=DIRECTION('',(0.,1.,0.));
#3011=DIRECTION('',(0.,0.,1.));
#3012=DIRECTION('center_axis',(0.,0.,1.));
#3013=DIRECTION('ref_axis',(-1.,0.,0.));
#3014=DIRECTION('center_axis',(0.,0.,-1.));
#3015=DIRECTION('ref_axis',(-1.,0.,0.));
#3016=DIRECTION('center_axis',(0.,0.,-1.));
#3017=DIRECTION('ref_axis',(-1.,0.,0.));
#3018=DIRECTION('',(0.,0.,1.));
#3019=DIRECTION('center_axis',(0.,1.,0.));
#3020=DIRECTION('ref_axis',(-1.,0.,0.));
#3021=DIRECTION('',(-1.,0.,0.));
#3022=DIRECTION('',(-1.,0.,0.));
#3023=DIRECTION('',(0.,0.,1.));
#3024=DIRECTION('center_axis',(0.,0.,1.));
#3025=DIRECTION('ref_axis',(0.,-1.,0.));
#3026=DIRECTION('center_axis',(0.,0.,-1.));
#3027=DIRECTION('ref_axis',(0.,-1.,0.));
#3028=DIRECTION('center_axis',(0.,0.,-1.));
#3029=DIRECTION('ref_axis',(0.,-1.,0.));
#3030=DIRECTION('',(0.,0.,1.));
#3031=DIRECTION('center_axis',(-1.,0.,0.));
#3032=DIRECTION('ref_axis',(0.,-1.,0.));
#3033=DIRECTION('',(0.,-1.,0.));
#3034=DIRECTION('',(0.,-1.,0.));
#3035=DIRECTION('',(0.,0.,1.));
#3036=DIRECTION('center_axis',(0.,0.,1.));
#3037=DIRECTION('ref_axis',(1.,0.,0.));
#3038=DIRECTION('center_axis',(0.,0.,-1.));
#3039=DIRECTION('ref_axis',(1.,0.,0.));
#3040=DIRECTION('center_axis',(0.,0.,-1.));
#3041=DIRECTION('ref_axis',(1.,0.,0.));
#3042=DIRECTION('',(0.,0.,1.));
#3043=DIRECTION('center_axis',(0.,-1.,0.));
#3044=DIRECTION('ref_axis',(1.,0.,0.));
#3045=DIRECTION('',(1.,0.,0.));
#3046=DIRECTION('',(1.,0.,0.));
#3047=DIRECTION('',(0.,0.,1.));
#3048=DIRECTION('center_axis',(0.,0.,1.));
#3049=DIRECTION('ref_axis',(0.,1.,0.));
#3050=DIRECTION('center_axis',(0.,0.,-1.));
#3051=DIRECTION('ref_axis',(0.,1.,0.));
#3052=DIRECTION('center_axis',(0.,0.,-1.));
#3053=DIRECTION('ref_axis',(0.,1.,0.));
#3054=DIRECTION('center_axis',(1.,0.,0.));
#3055=DIRECTION('ref_axis',(0.,1.,0.));
#3056=DIRECTION('',(0.,1.,0.));
#3057=DIRECTION('',(0.,0.,1.));
#3058=DIRECTION('',(0.,1.,0.));
#3059=DIRECTION('',(0.,0.,1.));
#3060=DIRECTION('center_axis',(0.,0.,1.));
#3061=DIRECTION('ref_axis',(-1.,0.,0.));
#3062=DIRECTION('center_axis',(0.,0.,-1.));
#3063=DIRECTION('ref_axis',(-1.,0.,0.));
#3064=DIRECTION('center_axis',(0.,0.,-1.));
#3065=DIRECTION('ref_axis',(-1.,0.,0.));
#3066=DIRECTION('',(0.,0.,1.));
#3067=DIRECTION('center_axis',(0.,1.,0.));
#3068=DIRECTION('ref_axis',(-1.,0.,0.));
#3069=DIRECTION('',(-1.,0.,0.));
#3070=DIRECTION('',(-1.,0.,0.));
#3071=DIRECTION('',(0.,0.,1.));
#3072=DIRECTION('center_axis',(0.,0.,1.));
#3073=DIRECTION('ref_axis',(0.,-1.,0.));
#3074=DIRECTION('center_axis',(0.,0.,-1.));
#3075=DIRECTION('ref_axis',(0.,-1.,0.));
#3076=DIRECTION('center_axis',(0.,0.,-1.));
#3077=DIRECTION('ref_axis',(0.,-1.,0.));
#3078=DIRECTION('',(0.,0.,1.));
#3079=DIRECTION('center_axis',(-1.,0.,0.));
#3080=DIRECTION('ref_axis',(0.,-1.,0.));
#3081=DIRECTION('',(0.,-1.,0.));
#3082=DIRECTION('',(0.,-1.,0.));
#3083=DIRECTION('',(0.,0.,1.));
#3084=DIRECTION('center_axis',(0.,0.,1.));
#3085=DIRECTION('ref_axis',(1.,0.,0.));
#3086=DIRECTION('center_axis',(0.,0.,-1.));
#3087=DIRECTION('ref_axis',(1.,0.,0.));
#3088=DIRECTION('center_axis',(0.,0.,-1.));
#3089=DIRECTION('ref_axis',(1.,0.,0.));
#3090=DIRECTION('',(0.,0.,1.));
#3091=DIRECTION('center_axis',(0.,-1.,0.));
#3092=DIRECTION('ref_axis',(1.,0.,0.));
#3093=DIRECTION('',(1.,0.,0.));
#3094=DIRECTION('',(1.,0.,0.));
#3095=DIRECTION('',(0.,0.,1.));
#3096=DIRECTION('center_axis',(0.,0.,1.));
#3097=DIRECTION('ref_axis',(0.,1.,0.));
#3098=DIRECTION('center_axis',(0.,0.,-1.));
#3099=DIRECTION('ref_axis',(0.,1.,0.));
#3100=DIRECTION('center_axis',(0.,0.,-1.));
#3101=DIRECTION('ref_axis',(0.,1.,0.));
#3102=DIRECTION('center_axis',(-1.,0.,0.));
#3103=DIRECTION('ref_axis',(0.,-1.,0.));
#3104=DIRECTION('',(0.,1.,0.));
#3105=DIRECTION('',(0.,0.,1.));
#3106=DIRECTION('',(0.,-1.,0.));
#3107=DIRECTION('',(0.,0.,1.));
#3108=DIRECTION('center_axis',(0.,1.,0.));
#3109=DIRECTION('ref_axis',(-1.,0.,0.));
#3110=DIRECTION('',(1.,0.,0.));
#3111=DIRECTION('',(-1.,0.,0.));
#3112=DIRECTION('',(0.,0.,1.));
#3113=DIRECTION('center_axis',(1.,0.,0.));
#3114=DIRECTION('ref_axis',(0.,1.,0.));
#3115=DIRECTION('',(0.,1.,0.));
#3116=DIRECTION('',(0.,1.,0.));
#3117=DIRECTION('',(0.,0.,1.));
#3118=DIRECTION('center_axis',(0.,-1.,0.));
#3119=DIRECTION('ref_axis',(1.,0.,0.));
#3120=DIRECTION('',(1.,0.,0.));
#3121=DIRECTION('',(1.,0.,0.));
#3122=DIRECTION('center_axis',(0.,0.,1.));
#3123=DIRECTION('ref_axis',(1.,0.,0.));
#3124=DIRECTION('center_axis',(0.,0.,1.));
#3125=DIRECTION('ref_axis',(1.,0.,0.));
#3126=DIRECTION('center_axis',(0.,0.,1.));
#3127=DIRECTION('ref_axis',(1.,0.,0.));
#3128=DIRECTION('',(0.,-1.,0.));
#3129=DIRECTION('',(-1.,0.,0.));
#3130=DIRECTION('',(0.,1.,0.));
#3131=DIRECTION('',(1.,0.,0.));
#3132=DIRECTION('center_axis',(0.,0.,-1.));
#3133=DIRECTION('ref_axis',(1.,0.,0.));
#3134=DIRECTION('center_axis',(0.,0.,-1.));
#3135=DIRECTION('ref_axis',(1.,0.,0.));
#3136=DIRECTION('center_axis',(0.,0.,-1.));
#3137=DIRECTION('ref_axis',(1.,0.,0.));
#3138=DIRECTION('center_axis',(0.,0.,-1.));
#3139=DIRECTION('ref_axis',(1.,0.,0.));
#3140=DIRECTION('',(0.,-1.,0.));
#3141=DIRECTION('',(1.,0.,0.));
#3142=DIRECTION('',(0.,1.,0.));
#3143=DIRECTION('',(-1.,0.,0.));
#3144=DIRECTION('center_axis',(1.,0.,0.));
#3145=DIRECTION('ref_axis',(0.,1.,0.));
#3146=DIRECTION('',(0.,0.,1.));
#3147=DIRECTION('',(0.,1.,0.));
#3148=DIRECTION('',(0.,0.,1.));
#3149=DIRECTION('center_axis',(0.,-1.,0.));
#3150=DIRECTION('ref_axis',(1.,0.,0.));
#3151=DIRECTION('',(0.,0.,1.));
#3152=DIRECTION('',(1.,0.,0.));
#3153=DIRECTION('center_axis',(1.,0.,0.));
#3154=DIRECTION('ref_axis',(0.,1.,0.));
#3155=DIRECTION('',(0.,0.,1.));
#3156=DIRECTION('',(0.,1.,0.));
#3157=DIRECTION('',(0.,0.,1.));
#3158=DIRECTION('center_axis',(0.,1.,0.));
#3159=DIRECTION('ref_axis',(-1.,0.,0.));
#3160=DIRECTION('',(0.,0.,1.));
#3161=DIRECTION('',(-1.,0.,0.));
#3162=DIRECTION('center_axis',(-1.,0.,0.));
#3163=DIRECTION('ref_axis',(0.,-1.,0.));
#3164=DIRECTION('',(0.,0.,1.));
#3165=DIRECTION('',(0.,-1.,0.));
#3166=DIRECTION('center_axis',(0.,1.,0.));
#3167=DIRECTION('ref_axis',(-1.,0.,0.));
#3168=DIRECTION('',(-1.,0.,0.));
#3169=DIRECTION('center_axis',(0.,0.,1.));
#3170=DIRECTION('ref_axis',(1.,0.,0.));
#3171=DIRECTION('center_axis',(0.,0.,-1.));
#3172=DIRECTION('ref_axis',(1.,0.,0.));
#3173=DIRECTION('',(0.,0.,-1.));
#3174=DIRECTION('center_axis',(0.,0.,1.));
#3175=DIRECTION('ref_axis',(1.,0.,0.));
#3176=DIRECTION('center_axis',(0.,0.,-1.));
#3177=DIRECTION('ref_axis',(1.,0.,0.));
#3178=DIRECTION('',(0.,0.,-1.));
#3179=DIRECTION('center_axis',(0.,0.,1.));
#3180=DIRECTION('ref_axis',(1.,0.,0.));
#3181=DIRECTION('center_axis',(0.,0.,-1.));
#3182=DIRECTION('ref_axis',(1.,0.,0.));
#3183=DIRECTION('',(0.,0.,-1.));
#3184=DIRECTION('center_axis',(0.,0.,1.));
#3185=DIRECTION('ref_axis',(1.,0.,0.));
#3186=DIRECTION('center_axis',(0.,0.,-1.));
#3187=DIRECTION('ref_axis',(1.,0.,0.));
#3188=DIRECTION('',(0.,0.,-1.));
#3189=DIRECTION('center_axis',(-1.,0.,0.));
#3190=DIRECTION('ref_axis',(0.,-1.,0.));
#3191=DIRECTION('',(0.,0.,1.));
#3192=DIRECTION('',(0.,-1.,0.));
#3193=DIRECTION('center_axis',(0.,-1.,0.));
#3194=DIRECTION('ref_axis',(1.,0.,0.));
#3195=DIRECTION('',(1.,0.,0.));
#3196=DIRECTION('center_axis',(0.,0.,1.));
#3197=DIRECTION('ref_axis',(1.,0.,0.));
#3198=CARTESIAN_POINT('',(0.,0.,0.));
#3199=CARTESIAN_POINT('Origin',(0.700000000000003,3.55,0.));
#3200=CARTESIAN_POINT('',(36.4,-27.9,0.));
#3201=CARTESIAN_POINT('',(-35.,-27.9,0.));
#3202=CARTESIAN_POINT('',(36.4,-27.9,0.));
#3203=CARTESIAN_POINT('',(-35.,35.,0.));
#3204=CARTESIAN_POINT('',(-35.,-27.9,0.));
#3205=CARTESIAN_POINT('',(36.4,35.,0.));
#3206=CARTESIAN_POINT('',(-35.,35.,0.));
#3207=CARTESIAN_POINT('',(36.4,35.,0.));
#3208=CARTESIAN_POINT('',(-31.45,30.,0.));
#3209=CARTESIAN_POINT('Origin',(-30.,30.,0.));
#3210=CARTESIAN_POINT('',(29.9268420882256,30.,0.));
#3211=CARTESIAN_POINT('Origin',(31.3768420882256,30.,0.));
#3212=CARTESIAN_POINT('',(-31.45,-22.7211615121634,0.));
#3213=CARTESIAN_POINT('Origin',(-30.,-22.7211615121634,0.));
#3214=CARTESIAN_POINT('',(29.9268420882256,-22.7211615121634,0.));
#3215=CARTESIAN_POINT('Origin',(31.3768420882256,-22.7211615121634,0.));
#3216=CARTESIAN_POINT('Origin',(0.700000000000003,3.55,3.));
#3217=CARTESIAN_POINT('',(-25.,-17.9,3.));
#3218=CARTESIAN_POINT('',(26.4,-17.9,3.));
#3219=CARTESIAN_POINT('',(26.4,-17.9,3.));
#3220=CARTESIAN_POINT('',(26.4,25.,3.));
#3221=CARTESIAN_POINT('',(26.4,25.,3.));
#3222=CARTESIAN_POINT('',(-25.,25.,3.));
#3223=CARTESIAN_POINT('',(-25.,25.,3.));
#3224=CARTESIAN_POINT('',(-25.,-17.9,3.));
#3225=CARTESIAN_POINT('Origin',(36.4,-27.9,0.));
#3226=CARTESIAN_POINT('',(36.4,-27.9,6.5));
#3227=CARTESIAN_POINT('',(36.4,35.,6.5));
#3228=CARTESIAN_POINT('',(36.4,-12.175,6.5));
#3229=CARTESIAN_POINT('',(36.4,-27.9,0.));
#3230=CARTESIAN_POINT('',(36.4,35.,0.));
#3231=CARTESIAN_POINT('Origin',(36.4,35.,0.));
#3232=CARTESIAN_POINT('',(-35.,35.,6.5));
#3233=CARTESIAN_POINT('',(18.55,35.,6.5));
#3234=CARTESIAN_POINT('',(-35.,35.,0.));
#3235=CARTESIAN_POINT('Origin',(-25.,-17.9,0.));
#3236=CARTESIAN_POINT('',(-25.,-17.9,6.5));
#3237=CARTESIAN_POINT('',(-25.,25.,6.5));
#3238=CARTESIAN_POINT('',(-25.,-7.175,6.5));
#3239=CARTESIAN_POINT('',(-25.,-17.9,0.));
#3240=CARTESIAN_POINT('',(-25.,25.,0.));
#3241=CARTESIAN_POINT('Origin',(-25.,25.,0.));
#3242=CARTESIAN_POINT('',(26.4,25.,6.5));
#3243=CARTESIAN_POINT('',(-12.15,25.,6.5));
#3244=CARTESIAN_POINT('',(26.4,25.,0.));
#3245=CARTESIAN_POINT('Origin',(31.3768420882256,-22.7211615121634,0.));
#3246=CARTESIAN_POINT('',(29.9268420882256,-22.7211615121634,6.5));
#3247=CARTESIAN_POINT('Origin',(31.3768420882256,-22.7211615121634,6.5));
#3248=CARTESIAN_POINT('',(29.9268420882256,-22.7211615121634,0.));
#3249=CARTESIAN_POINT('Origin',(-30.,-22.7211615121634,0.));
#3250=CARTESIAN_POINT('',(-31.45,-22.7211615121634,6.5));
#3251=CARTESIAN_POINT('Origin',(-30.,-22.7211615121634,6.5));
#3252=CARTESIAN_POINT('',(-31.45,-22.7211615121634,0.));
#3253=CARTESIAN_POINT('Origin',(31.3768420882256,30.,0.));
#3254=CARTESIAN_POINT('',(29.9268420882256,30.,6.5));
#3255=CARTESIAN_POINT('Origin',(31.3768420882256,30.,6.5));
#3256=CARTESIAN_POINT('',(29.9268420882256,30.,0.));
#3257=CARTESIAN_POINT('Origin',(-30.,30.,0.));
#3258=CARTESIAN_POINT('',(-31.45,30.,6.5));
#3259=CARTESIAN_POINT('Origin',(-30.,30.,6.5));
#3260=CARTESIAN_POINT('',(-31.45,30.,0.));
#3261=CARTESIAN_POINT('Origin',(-35.,35.,0.));
#3262=CARTESIAN_POINT('',(-35.,-27.9,6.5));
#3263=CARTESIAN_POINT('',(-35.,19.275,6.5));
#3264=CARTESIAN_POINT('',(-35.,-27.9,0.));
#3265=CARTESIAN_POINT('Origin',(-35.,-27.9,0.));
#3266=CARTESIAN_POINT('',(-17.15,-27.9,6.5));
#3267=CARTESIAN_POINT('Origin',(26.4,25.,0.));
#3268=CARTESIAN_POINT('',(26.4,-17.9,6.5));
#3269=CARTESIAN_POINT('',(26.4,14.275,6.5));
#3270=CARTESIAN_POINT('',(26.4,-17.9,0.));
#3271=CARTESIAN_POINT('Origin',(26.4,-17.9,0.));
#3272=CARTESIAN_POINT('',(13.55,-17.9,6.5));
#3273=CARTESIAN_POINT('Origin',(0.699999999999996,3.55,6.5));
#3274=CARTESIAN_POINT('Origin',(-80.261330801265,-17.2982142661511,3.5));
#3275=CARTESIAN_POINT('',(-80.261330801265,-17.2982142661511,3.5));
#3276=CARTESIAN_POINT('',(-80.261330801265,-4.29821426615108,3.5));
#3277=CARTESIAN_POINT('',(-80.261330801265,-4.29821426615108,3.5));
#3278=CARTESIAN_POINT('',(-80.261330801265,-4.29821426615108,6.5));
#3279=CARTESIAN_POINT('',(-80.261330801265,-4.29821426615108,3.5));
#3280=CARTESIAN_POINT('',(-80.261330801265,-17.2982142661511,6.5));
#3281=CARTESIAN_POINT('',(-80.261330801265,-4.29821426615108,6.5));
#3282=CARTESIAN_POINT('',(-80.261330801265,-17.2982142661511,3.5));
#3283=CARTESIAN_POINT('Origin',(-79.761330801265,-17.2982142661511,3.5));
#3284=CARTESIAN_POINT('',(-79.761330801265,-17.7982142661511,3.5));
#3285=CARTESIAN_POINT('Origin',(-79.761330801265,-17.2982142661511,3.5));
#3286=CARTESIAN_POINT('',(-79.761330801265,-17.7982142661511,6.5));
#3287=CARTESIAN_POINT('Origin',(-79.761330801265,-17.2982142661511,6.5));
#3288=CARTESIAN_POINT('',(-79.761330801265,-17.7982142661511,3.5));
#3289=CARTESIAN_POINT('Origin',(-66.761330801265,-17.7982142661511,3.5));
#3290=CARTESIAN_POINT('',(-66.761330801265,-17.7982142661511,3.5));
#3291=CARTESIAN_POINT('',(-79.761330801265,-17.7982142661511,3.5));
#3292=CARTESIAN_POINT('',(-66.761330801265,-17.7982142661511,6.5));
#3293=CARTESIAN_POINT('',(-79.761330801265,-17.7982142661511,6.5));
#3294=CARTESIAN_POINT('',(-66.761330801265,-17.7982142661511,3.5));
#3295=CARTESIAN_POINT('Origin',(-66.761330801265,-17.2982142661511,3.5));
#3296=CARTESIAN_POINT('',(-66.261330801265,-17.2982142661511,3.5));
#3297=CARTESIAN_POINT('Origin',(-66.761330801265,-17.2982142661511,3.5));
#3298=CARTESIAN_POINT('',(-66.261330801265,-17.2982142661511,6.5));
#3299=CARTESIAN_POINT('Origin',(-66.761330801265,-17.2982142661511,6.5));
#3300=CARTESIAN_POINT('',(-66.261330801265,-17.2982142661511,3.5));
#3301=CARTESIAN_POINT('Origin',(-66.261330801265,-4.29821426615108,3.5));
#3302=CARTESIAN_POINT('',(-66.261330801265,-4.29821426615108,3.5));
#3303=CARTESIAN_POINT('',(-66.261330801265,-4.29821426615108,3.5));
#3304=CARTESIAN_POINT('',(-66.261330801265,-4.29821426615108,6.5));
#3305=CARTESIAN_POINT('',(-66.261330801265,-4.29821426615108,6.5));
#3306=CARTESIAN_POINT('',(-66.261330801265,-4.29821426615108,3.5));
#3307=CARTESIAN_POINT('Origin',(-66.761330801265,-4.29821426615108,3.5));
#3308=CARTESIAN_POINT('',(-66.761330801265,-3.79821426615108,3.5));
#3309=CARTESIAN_POINT('Origin',(-66.761330801265,-4.29821426615108,3.5));
#3310=CARTESIAN_POINT('',(-66.761330801265,-3.79821426615108,6.5));
#3311=CARTESIAN_POINT('Origin',(-66.761330801265,-4.29821426615108,6.5));
#3312=CARTESIAN_POINT('',(-66.761330801265,-3.79821426615108,3.5));
#3313=CARTESIAN_POINT('Origin',(-79.761330801265,-3.79821426615108,3.5));
#3314=CARTESIAN_POINT('',(-79.761330801265,-3.79821426615108,3.5));
#3315=CARTESIAN_POINT('',(-79.761330801265,-3.79821426615108,3.5));
#3316=CARTESIAN_POINT('',(-79.761330801265,-3.79821426615108,6.5));
#3317=CARTESIAN_POINT('',(-79.761330801265,-3.79821426615108,6.5));
#3318=CARTESIAN_POINT('',(-79.761330801265,-3.79821426615108,3.5));
#3319=CARTESIAN_POINT('Origin',(-79.761330801265,-4.29821426615108,3.5));
#3320=CARTESIAN_POINT('Origin',(-79.761330801265,-4.29821426615108,3.5));
#3321=CARTESIAN_POINT('Origin',(-79.761330801265,-4.29821426615108,6.5));
#3322=CARTESIAN_POINT('Origin',(-97.411330801265,-17.2982142661511,3.5));
#3323=CARTESIAN_POINT('',(-97.411330801265,-17.2982142661511,3.5));
#3324=CARTESIAN_POINT('',(-97.411330801265,-4.29821426615108,3.5));
#3325=CARTESIAN_POINT('',(-97.411330801265,-4.29821426615108,3.5));
#3326=CARTESIAN_POINT('',(-97.411330801265,-4.29821426615108,6.5));
#3327=CARTESIAN_POINT('',(-97.411330801265,-4.29821426615108,3.5));
#3328=CARTESIAN_POINT('',(-97.411330801265,-17.2982142661511,6.5));
#3329=CARTESIAN_POINT('',(-97.411330801265,-4.29821426615108,6.5));
#3330=CARTESIAN_POINT('',(-97.411330801265,-17.2982142661511,3.5));
#3331=CARTESIAN_POINT('Origin',(-96.911330801265,-17.2982142661511,3.5));
#3332=CARTESIAN_POINT('',(-96.911330801265,-17.7982142661511,3.5));
#3333=CARTESIAN_POINT('Origin',(-96.911330801265,-17.2982142661511,3.5));
#3334=CARTESIAN_POINT('',(-96.911330801265,-17.7982142661511,6.5));
#3335=CARTESIAN_POINT('Origin',(-96.911330801265,-17.2982142661511,6.5));
#3336=CARTESIAN_POINT('',(-96.911330801265,-17.7982142661511,3.5));
#3337=CARTESIAN_POINT('Origin',(-83.911330801265,-17.7982142661511,3.5));
#3338=CARTESIAN_POINT('',(-83.911330801265,-17.7982142661511,3.5));
#3339=CARTESIAN_POINT('',(-96.911330801265,-17.7982142661511,3.5));
#3340=CARTESIAN_POINT('',(-83.911330801265,-17.7982142661511,6.5));
#3341=CARTESIAN_POINT('',(-96.911330801265,-17.7982142661511,6.5));
#3342=CARTESIAN_POINT('',(-83.911330801265,-17.7982142661511,3.5));
#3343=CARTESIAN_POINT('Origin',(-83.911330801265,-17.2982142661511,3.5));
#3344=CARTESIAN_POINT('',(-83.411330801265,-17.2982142661511,3.5));
#3345=CARTESIAN_POINT('Origin',(-83.911330801265,-17.2982142661511,3.5));
#3346=CARTESIAN_POINT('',(-83.411330801265,-17.2982142661511,6.5));
#3347=CARTESIAN_POINT('Origin',(-83.911330801265,-17.2982142661511,6.5));
#3348=CARTESIAN_POINT('',(-83.411330801265,-17.2982142661511,3.5));
#3349=CARTESIAN_POINT('Origin',(-83.411330801265,-4.29821426615108,3.5));
#3350=CARTESIAN_POINT('',(-83.411330801265,-4.29821426615108,3.5));
#3351=CARTESIAN_POINT('',(-83.411330801265,-4.29821426615108,3.5));
#3352=CARTESIAN_POINT('',(-83.411330801265,-4.29821426615108,6.5));
#3353=CARTESIAN_POINT('',(-83.411330801265,-4.29821426615108,6.5));
#3354=CARTESIAN_POINT('',(-83.411330801265,-4.29821426615108,3.5));
#3355=CARTESIAN_POINT('Origin',(-83.911330801265,-4.29821426615108,3.5));
#3356=CARTESIAN_POINT('',(-83.911330801265,-3.79821426615108,3.5));
#3357=CARTESIAN_POINT('Origin',(-83.911330801265,-4.29821426615108,3.5));
#3358=CARTESIAN_POINT('',(-83.911330801265,-3.79821426615108,6.5));
#3359=CARTESIAN_POINT('Origin',(-83.911330801265,-4.29821426615108,6.5));
#3360=CARTESIAN_POINT('',(-83.911330801265,-3.79821426615108,3.5));
#3361=CARTESIAN_POINT('Origin',(-96.911330801265,-3.79821426615108,3.5));
#3362=CARTESIAN_POINT('',(-96.911330801265,-3.79821426615108,3.5));
#3363=CARTESIAN_POINT('',(-96.911330801265,-3.79821426615108,3.5));
#3364=CARTESIAN_POINT('',(-96.911330801265,-3.79821426615108,6.5));
#3365=CARTESIAN_POINT('',(-96.911330801265,-3.79821426615108,6.5));
#3366=CARTESIAN_POINT('',(-96.911330801265,-3.79821426615108,3.5));
#3367=CARTESIAN_POINT('Origin',(-96.911330801265,-4.29821426615108,3.5));
#3368=CARTESIAN_POINT('Origin',(-96.911330801265,-4.29821426615108,3.5));
#3369=CARTESIAN_POINT('Origin',(-96.911330801265,-4.29821426615108,6.5));
#3370=CARTESIAN_POINT('Origin',(-63.111330801265,-17.2982142661511,3.5));
#3371=CARTESIAN_POINT('',(-63.111330801265,-17.2982142661511,3.5));
#3372=CARTESIAN_POINT('',(-63.111330801265,-4.29821426615108,3.5));
#3373=CARTESIAN_POINT('',(-63.111330801265,-4.29821426615108,3.5));
#3374=CARTESIAN_POINT('',(-63.111330801265,-4.29821426615108,6.5));
#3375=CARTESIAN_POINT('',(-63.111330801265,-4.29821426615108,3.5));
#3376=CARTESIAN_POINT('',(-63.111330801265,-17.2982142661511,6.5));
#3377=CARTESIAN_POINT('',(-63.111330801265,-4.29821426615108,6.5));
#3378=CARTESIAN_POINT('',(-63.111330801265,-17.2982142661511,3.5));
#3379=CARTESIAN_POINT('Origin',(-62.611330801265,-17.2982142661511,3.5));
#3380=CARTESIAN_POINT('',(-62.611330801265,-17.7982142661511,3.5));
#3381=CARTESIAN_POINT('Origin',(-62.611330801265,-17.2982142661511,3.5));
#3382=CARTESIAN_POINT('',(-62.611330801265,-17.7982142661511,6.5));
#3383=CARTESIAN_POINT('Origin',(-62.611330801265,-17.2982142661511,6.5));
#3384=CARTESIAN_POINT('',(-62.611330801265,-17.7982142661511,3.5));
#3385=CARTESIAN_POINT('Origin',(-49.611330801265,-17.7982142661511,3.5));
#3386=CARTESIAN_POINT('',(-49.611330801265,-17.7982142661511,3.5));
#3387=CARTESIAN_POINT('',(-62.611330801265,-17.7982142661511,3.5));
#3388=CARTESIAN_POINT('',(-49.611330801265,-17.7982142661511,6.5));
#3389=CARTESIAN_POINT('',(-62.611330801265,-17.7982142661511,6.5));
#3390=CARTESIAN_POINT('',(-49.611330801265,-17.7982142661511,3.5));
#3391=CARTESIAN_POINT('Origin',(-49.611330801265,-17.2982142661511,3.5));
#3392=CARTESIAN_POINT('',(-49.111330801265,-17.2982142661511,3.5));
#3393=CARTESIAN_POINT('Origin',(-49.611330801265,-17.2982142661511,3.5));
#3394=CARTESIAN_POINT('',(-49.111330801265,-17.2982142661511,6.5));
#3395=CARTESIAN_POINT('Origin',(-49.611330801265,-17.2982142661511,6.5));
#3396=CARTESIAN_POINT('',(-49.111330801265,-17.2982142661511,3.5));
#3397=CARTESIAN_POINT('Origin',(-49.111330801265,-4.29821426615108,3.5));
#3398=CARTESIAN_POINT('',(-49.111330801265,-4.29821426615108,3.5));
#3399=CARTESIAN_POINT('',(-49.111330801265,-4.29821426615108,3.5));
#3400=CARTESIAN_POINT('',(-49.111330801265,-4.29821426615108,6.5));
#3401=CARTESIAN_POINT('',(-49.111330801265,-4.29821426615108,6.5));
#3402=CARTESIAN_POINT('',(-49.111330801265,-4.29821426615108,3.5));
#3403=CARTESIAN_POINT('Origin',(-49.611330801265,-4.29821426615108,3.5));
#3404=CARTESIAN_POINT('',(-49.611330801265,-3.79821426615107,3.5));
#3405=CARTESIAN_POINT('Origin',(-49.611330801265,-4.29821426615108,3.5));
#3406=CARTESIAN_POINT('',(-49.611330801265,-3.79821426615107,6.5));
#3407=CARTESIAN_POINT('Origin',(-49.611330801265,-4.29821426615108,6.5));
#3408=CARTESIAN_POINT('',(-49.611330801265,-3.79821426615107,3.5));
#3409=CARTESIAN_POINT('Origin',(-62.611330801265,-3.79821426615108,3.5));
#3410=CARTESIAN_POINT('',(-62.611330801265,-3.79821426615108,3.5));
#3411=CARTESIAN_POINT('',(-62.611330801265,-3.79821426615108,3.5));
#3412=CARTESIAN_POINT('',(-62.611330801265,-3.79821426615108,6.5));
#3413=CARTESIAN_POINT('',(-62.611330801265,-3.79821426615108,6.5));
#3414=CARTESIAN_POINT('',(-62.611330801265,-3.79821426615108,3.5));
#3415=CARTESIAN_POINT('Origin',(-62.611330801265,-4.29821426615108,3.5));
#3416=CARTESIAN_POINT('Origin',(-62.611330801265,-4.29821426615108,3.5));
#3417=CARTESIAN_POINT('Origin',(-62.611330801265,-4.29821426615108,6.5));
#3418=CARTESIAN_POINT('Origin',(-98.986330801265,-3.64821426615108,3.5));
#3419=CARTESIAN_POINT('',(-98.986330801265,-17.9482142661511,3.5));
#3420=CARTESIAN_POINT('',(-98.986330801265,-3.64821426615108,3.5));
#3421=CARTESIAN_POINT('',(-98.986330801265,-17.9482142661511,3.5));
#3422=CARTESIAN_POINT('',(-98.986330801265,-17.9482142661511,6.5));
#3423=CARTESIAN_POINT('',(-98.986330801265,-17.9482142661511,3.5));
#3424=CARTESIAN_POINT('',(-98.986330801265,-3.64821426615108,6.5));
#3425=CARTESIAN_POINT('',(-98.986330801265,-17.9482142661511,6.5));
#3426=CARTESIAN_POINT('',(-98.986330801265,-3.64821426615108,3.5));
#3427=CARTESIAN_POINT('Origin',(-47.536330801265,-3.64821426615108,3.5));
#3428=CARTESIAN_POINT('',(-47.536330801265,-3.64821426615108,3.5));
#3429=CARTESIAN_POINT('',(-98.986330801265,-3.64821426615108,3.5));
#3430=CARTESIAN_POINT('',(-47.536330801265,-3.64821426615108,6.5));
#3431=CARTESIAN_POINT('',(-98.986330801265,-3.64821426615108,6.5));
#3432=CARTESIAN_POINT('',(-47.536330801265,-3.64821426615108,3.5));
#3433=CARTESIAN_POINT('Origin',(-47.536330801265,-17.9482142661511,3.5));
#3434=CARTESIAN_POINT('',(-47.536330801265,-17.9482142661511,3.5));
#3435=CARTESIAN_POINT('',(-47.536330801265,-17.9482142661511,3.5));
#3436=CARTESIAN_POINT('',(-47.536330801265,-17.9482142661511,6.5));
#3437=CARTESIAN_POINT('',(-47.536330801265,-17.9482142661511,6.5));
#3438=CARTESIAN_POINT('',(-47.536330801265,-17.9482142661511,3.5));
#3439=CARTESIAN_POINT('Origin',(-98.986330801265,-17.9482142661511,3.5));
#3440=CARTESIAN_POINT('',(-98.986330801265,-17.9482142661511,3.5));
#3441=CARTESIAN_POINT('',(-98.986330801265,-17.9482142661511,6.5));
#3442=CARTESIAN_POINT('Origin',(-73.261330801265,-10.7982142661511,6.5));
#3443=CARTESIAN_POINT('Origin',(-73.261330801265,-10.7982142661511,3.5));
#3444=CARTESIAN_POINT('Origin',(-80.261330801265,-2.97821426615108,3.5));
#3445=CARTESIAN_POINT('',(-80.261330801265,-2.97821426615108,3.5));
#3446=CARTESIAN_POINT('',(-80.261330801265,10.0217857338489,3.5));
#3447=CARTESIAN_POINT('',(-80.261330801265,10.0217857338489,3.5));
#3448=CARTESIAN_POINT('',(-80.261330801265,10.0217857338489,6.5));
#3449=CARTESIAN_POINT('',(-80.261330801265,10.0217857338489,3.5));
#3450=CARTESIAN_POINT('',(-80.261330801265,-2.97821426615108,6.5));
#3451=CARTESIAN_POINT('',(-80.261330801265,10.0217857338489,6.5));
#3452=CARTESIAN_POINT('',(-80.261330801265,-2.97821426615108,3.5));
#3453=CARTESIAN_POINT('Origin',(-79.761330801265,-2.97821426615108,3.5));
#3454=CARTESIAN_POINT('',(-79.761330801265,-3.47821426615108,3.5));
#3455=CARTESIAN_POINT('Origin',(-79.761330801265,-2.97821426615108,3.5));
#3456=CARTESIAN_POINT('',(-79.761330801265,-3.47821426615108,6.5));
#3457=CARTESIAN_POINT('Origin',(-79.761330801265,-2.97821426615108,6.5));
#3458=CARTESIAN_POINT('',(-79.761330801265,-3.47821426615108,3.5));
#3459=CARTESIAN_POINT('Origin',(-66.761330801265,-3.47821426615108,3.5));
#3460=CARTESIAN_POINT('',(-66.761330801265,-3.47821426615108,3.5));
#3461=CARTESIAN_POINT('',(-79.761330801265,-3.47821426615108,3.5));
#3462=CARTESIAN_POINT('',(-66.761330801265,-3.47821426615108,6.5));
#3463=CARTESIAN_POINT('',(-79.761330801265,-3.47821426615108,6.5));
#3464=CARTESIAN_POINT('',(-66.761330801265,-3.47821426615108,3.5));
#3465=CARTESIAN_POINT('Origin',(-66.761330801265,-2.97821426615108,3.5));
#3466=CARTESIAN_POINT('',(-66.261330801265,-2.97821426615108,3.5));
#3467=CARTESIAN_POINT('Origin',(-66.761330801265,-2.97821426615108,3.5));
#3468=CARTESIAN_POINT('',(-66.261330801265,-2.97821426615108,6.5));
#3469=CARTESIAN_POINT('Origin',(-66.761330801265,-2.97821426615108,6.5));
#3470=CARTESIAN_POINT('',(-66.261330801265,-2.97821426615108,3.5));
#3471=CARTESIAN_POINT('Origin',(-66.261330801265,10.0217857338489,3.5));
#3472=CARTESIAN_POINT('',(-66.261330801265,10.0217857338489,3.5));
#3473=CARTESIAN_POINT('',(-66.261330801265,10.0217857338489,3.5));
#3474=CARTESIAN_POINT('',(-66.261330801265,10.0217857338489,6.5));
#3475=CARTESIAN_POINT('',(-66.261330801265,10.0217857338489,6.5));
#3476=CARTESIAN_POINT('',(-66.261330801265,10.0217857338489,3.5));
#3477=CARTESIAN_POINT('Origin',(-66.761330801265,10.0217857338489,3.5));
#3478=CARTESIAN_POINT('',(-66.761330801265,10.5217857338489,3.5));
#3479=CARTESIAN_POINT('Origin',(-66.761330801265,10.0217857338489,3.5));
#3480=CARTESIAN_POINT('',(-66.761330801265,10.5217857338489,6.5));
#3481=CARTESIAN_POINT('Origin',(-66.761330801265,10.0217857338489,6.5));
#3482=CARTESIAN_POINT('',(-66.761330801265,10.5217857338489,3.5));
#3483=CARTESIAN_POINT('Origin',(-79.761330801265,10.5217857338489,3.5));
#3484=CARTESIAN_POINT('',(-79.761330801265,10.5217857338489,3.5));
#3485=CARTESIAN_POINT('',(-79.761330801265,10.5217857338489,3.5));
#3486=CARTESIAN_POINT('',(-79.761330801265,10.5217857338489,6.5));
#3487=CARTESIAN_POINT('',(-79.761330801265,10.5217857338489,6.5));
#3488=CARTESIAN_POINT('',(-79.761330801265,10.5217857338489,3.5));
#3489=CARTESIAN_POINT('Origin',(-79.761330801265,10.0217857338489,3.5));
#3490=CARTESIAN_POINT('Origin',(-79.761330801265,10.0217857338489,3.5));
#3491=CARTESIAN_POINT('Origin',(-79.761330801265,10.0217857338489,6.5));
#3492=CARTESIAN_POINT('Origin',(-97.411330801265,-2.97821426615108,3.5));
#3493=CARTESIAN_POINT('',(-97.411330801265,-2.97821426615108,3.5));
#3494=CARTESIAN_POINT('',(-97.411330801265,10.0217857338489,3.5));
#3495=CARTESIAN_POINT('',(-97.411330801265,10.0217857338489,3.5));
#3496=CARTESIAN_POINT('',(-97.411330801265,10.0217857338489,6.5));
#3497=CARTESIAN_POINT('',(-97.411330801265,10.0217857338489,3.5));
#3498=CARTESIAN_POINT('',(-97.411330801265,-2.97821426615108,6.5));
#3499=CARTESIAN_POINT('',(-97.411330801265,10.0217857338489,6.5));
#3500=CARTESIAN_POINT('',(-97.411330801265,-2.97821426615108,3.5));
#3501=CARTESIAN_POINT('Origin',(-96.911330801265,-2.97821426615108,3.5));
#3502=CARTESIAN_POINT('',(-96.911330801265,-3.47821426615108,3.5));
#3503=CARTESIAN_POINT('Origin',(-96.911330801265,-2.97821426615108,3.5));
#3504=CARTESIAN_POINT('',(-96.911330801265,-3.47821426615108,6.5));
#3505=CARTESIAN_POINT('Origin',(-96.911330801265,-2.97821426615108,6.5));
#3506=CARTESIAN_POINT('',(-96.911330801265,-3.47821426615108,3.5));
#3507=CARTESIAN_POINT('Origin',(-83.911330801265,-3.47821426615108,3.5));
#3508=CARTESIAN_POINT('',(-83.911330801265,-3.47821426615108,3.5));
#3509=CARTESIAN_POINT('',(-96.911330801265,-3.47821426615108,3.5));
#3510=CARTESIAN_POINT('',(-83.911330801265,-3.47821426615108,6.5));
#3511=CARTESIAN_POINT('',(-96.911330801265,-3.47821426615108,6.5));
#3512=CARTESIAN_POINT('',(-83.911330801265,-3.47821426615108,3.5));
#3513=CARTESIAN_POINT('Origin',(-83.911330801265,-2.97821426615108,3.5));
#3514=CARTESIAN_POINT('',(-83.411330801265,-2.97821426615108,3.5));
#3515=CARTESIAN_POINT('Origin',(-83.911330801265,-2.97821426615108,3.5));
#3516=CARTESIAN_POINT('',(-83.411330801265,-2.97821426615108,6.5));
#3517=CARTESIAN_POINT('Origin',(-83.911330801265,-2.97821426615108,6.5));
#3518=CARTESIAN_POINT('',(-83.411330801265,-2.97821426615108,3.5));
#3519=CARTESIAN_POINT('Origin',(-83.411330801265,10.0217857338489,3.5));
#3520=CARTESIAN_POINT('',(-83.411330801265,10.0217857338489,3.5));
#3521=CARTESIAN_POINT('',(-83.411330801265,10.0217857338489,3.5));
#3522=CARTESIAN_POINT('',(-83.411330801265,10.0217857338489,6.5));
#3523=CARTESIAN_POINT('',(-83.411330801265,10.0217857338489,6.5));
#3524=CARTESIAN_POINT('',(-83.411330801265,10.0217857338489,3.5));
#3525=CARTESIAN_POINT('Origin',(-83.911330801265,10.0217857338489,3.5));
#3526=CARTESIAN_POINT('',(-83.911330801265,10.5217857338489,3.5));
#3527=CARTESIAN_POINT('Origin',(-83.911330801265,10.0217857338489,3.5));
#3528=CARTESIAN_POINT('',(-83.911330801265,10.5217857338489,6.5));
#3529=CARTESIAN_POINT('Origin',(-83.911330801265,10.0217857338489,6.5));
#3530=CARTESIAN_POINT('',(-83.911330801265,10.5217857338489,3.5));
#3531=CARTESIAN_POINT('Origin',(-96.911330801265,10.5217857338489,3.5));
#3532=CARTESIAN_POINT('',(-96.911330801265,10.5217857338489,3.5));
#3533=CARTESIAN_POINT('',(-96.911330801265,10.5217857338489,3.5));
#3534=CARTESIAN_POINT('',(-96.911330801265,10.5217857338489,6.5));
#3535=CARTESIAN_POINT('',(-96.911330801265,10.5217857338489,6.5));
#3536=CARTESIAN_POINT('',(-96.911330801265,10.5217857338489,3.5));
#3537=CARTESIAN_POINT('Origin',(-96.911330801265,10.0217857338489,3.5));
#3538=CARTESIAN_POINT('Origin',(-96.911330801265,10.0217857338489,3.5));
#3539=CARTESIAN_POINT('Origin',(-96.911330801265,10.0217857338489,6.5));
#3540=CARTESIAN_POINT('Origin',(-63.111330801265,-2.97821426615108,3.5));
#3541=CARTESIAN_POINT('',(-63.111330801265,-2.97821426615108,3.5));
#3542=CARTESIAN_POINT('',(-63.111330801265,10.0217857338489,3.5));
#3543=CARTESIAN_POINT('',(-63.111330801265,10.0217857338489,3.5));
#3544=CARTESIAN_POINT('',(-63.111330801265,10.0217857338489,6.5));
#3545=CARTESIAN_POINT('',(-63.111330801265,10.0217857338489,3.5));
#3546=CARTESIAN_POINT('',(-63.111330801265,-2.97821426615108,6.5));
#3547=CARTESIAN_POINT('',(-63.111330801265,10.0217857338489,6.5));
#3548=CARTESIAN_POINT('',(-63.111330801265,-2.97821426615108,3.5));
#3549=CARTESIAN_POINT('Origin',(-62.611330801265,-2.97821426615108,3.5));
#3550=CARTESIAN_POINT('',(-62.611330801265,-3.47821426615108,3.5));
#3551=CARTESIAN_POINT('Origin',(-62.611330801265,-2.97821426615108,3.5));
#3552=CARTESIAN_POINT('',(-62.611330801265,-3.47821426615108,6.5));
#3553=CARTESIAN_POINT('Origin',(-62.611330801265,-2.97821426615108,6.5));
#3554=CARTESIAN_POINT('',(-62.611330801265,-3.47821426615108,3.5));
#3555=CARTESIAN_POINT('Origin',(-49.611330801265,-3.47821426615108,3.5));
#3556=CARTESIAN_POINT('',(-49.611330801265,-3.47821426615108,3.5));
#3557=CARTESIAN_POINT('',(-62.611330801265,-3.47821426615108,3.5));
#3558=CARTESIAN_POINT('',(-49.611330801265,-3.47821426615108,6.5));
#3559=CARTESIAN_POINT('',(-62.611330801265,-3.47821426615108,6.5));
#3560=CARTESIAN_POINT('',(-49.611330801265,-3.47821426615108,3.5));
#3561=CARTESIAN_POINT('Origin',(-49.611330801265,-2.97821426615108,3.5));
#3562=CARTESIAN_POINT('',(-49.111330801265,-2.97821426615108,3.5));
#3563=CARTESIAN_POINT('Origin',(-49.611330801265,-2.97821426615108,3.5));
#3564=CARTESIAN_POINT('',(-49.111330801265,-2.97821426615108,6.5));
#3565=CARTESIAN_POINT('Origin',(-49.611330801265,-2.97821426615108,6.5));
#3566=CARTESIAN_POINT('',(-49.111330801265,-2.97821426615108,3.5));
#3567=CARTESIAN_POINT('Origin',(-49.111330801265,10.0217857338489,3.5));
#3568=CARTESIAN_POINT('',(-49.111330801265,10.0217857338489,3.5));
#3569=CARTESIAN_POINT('',(-49.111330801265,10.0217857338489,3.5));
#3570=CARTESIAN_POINT('',(-49.111330801265,10.0217857338489,6.5));
#3571=CARTESIAN_POINT('',(-49.111330801265,10.0217857338489,6.5));
#3572=CARTESIAN_POINT('',(-49.111330801265,10.0217857338489,3.5));
#3573=CARTESIAN_POINT('Origin',(-49.611330801265,10.0217857338489,3.5));
#3574=CARTESIAN_POINT('',(-49.611330801265,10.5217857338489,3.5));
#3575=CARTESIAN_POINT('Origin',(-49.611330801265,10.0217857338489,3.5));
#3576=CARTESIAN_POINT('',(-49.611330801265,10.5217857338489,6.5));
#3577=CARTESIAN_POINT('Origin',(-49.611330801265,10.0217857338489,6.5));
#3578=CARTESIAN_POINT('',(-49.611330801265,10.5217857338489,3.5));
#3579=CARTESIAN_POINT('Origin',(-62.611330801265,10.5217857338489,3.5));
#3580=CARTESIAN_POINT('',(-62.611330801265,10.5217857338489,3.5));
#3581=CARTESIAN_POINT('',(-62.611330801265,10.5217857338489,3.5));
#3582=CARTESIAN_POINT('',(-62.611330801265,10.5217857338489,6.5));
#3583=CARTESIAN_POINT('',(-62.611330801265,10.5217857338489,6.5));
#3584=CARTESIAN_POINT('',(-62.611330801265,10.5217857338489,3.5));
#3585=CARTESIAN_POINT('Origin',(-62.611330801265,10.0217857338489,3.5));
#3586=CARTESIAN_POINT('Origin',(-62.611330801265,10.0217857338489,3.5));
#3587=CARTESIAN_POINT('Origin',(-62.611330801265,10.0217857338489,6.5));
#3588=CARTESIAN_POINT('Origin',(-98.986330801265,10.6717857338489,3.5));
#3589=CARTESIAN_POINT('',(-98.986330801265,-3.62821426615108,3.5));
#3590=CARTESIAN_POINT('',(-98.986330801265,10.6717857338489,3.5));
#3591=CARTESIAN_POINT('',(-98.986330801265,-3.62821426615108,3.5));
#3592=CARTESIAN_POINT('',(-98.986330801265,-3.62821426615108,6.5));
#3593=CARTESIAN_POINT('',(-98.986330801265,-3.62821426615108,3.5));
#3594=CARTESIAN_POINT('',(-98.986330801265,10.6717857338489,6.5));
#3595=CARTESIAN_POINT('',(-98.986330801265,-3.62821426615108,6.5));
#3596=CARTESIAN_POINT('',(-98.986330801265,10.6717857338489,3.5));
#3597=CARTESIAN_POINT('Origin',(-47.536330801265,10.6717857338489,3.5));
#3598=CARTESIAN_POINT('',(-47.536330801265,10.6717857338489,3.5));
#3599=CARTESIAN_POINT('',(-98.986330801265,10.6717857338489,3.5));
#3600=CARTESIAN_POINT('',(-47.536330801265,10.6717857338489,6.5));
#3601=CARTESIAN_POINT('',(-98.986330801265,10.6717857338489,6.5));
#3602=CARTESIAN_POINT('',(-47.536330801265,10.6717857338489,3.5));
#3603=CARTESIAN_POINT('Origin',(-47.536330801265,-3.62821426615108,3.5));
#3604=CARTESIAN_POINT('',(-47.536330801265,-3.62821426615108,3.5));
#3605=CARTESIAN_POINT('',(-47.536330801265,-3.62821426615108,3.5));
#3606=CARTESIAN_POINT('',(-47.536330801265,-3.62821426615108,6.5));
#3607=CARTESIAN_POINT('',(-47.536330801265,-3.62821426615108,6.5));
#3608=CARTESIAN_POINT('',(-47.536330801265,-3.62821426615108,3.5));
#3609=CARTESIAN_POINT('Origin',(-98.986330801265,-3.62821426615108,3.5));
#3610=CARTESIAN_POINT('',(-98.986330801265,-3.62821426615108,3.5));
#3611=CARTESIAN_POINT('',(-98.986330801265,-3.62821426615108,6.5));
#3612=CARTESIAN_POINT('Origin',(-73.261330801265,3.52178573384892,6.5));
#3613=CARTESIAN_POINT('Origin',(-73.261330801265,3.52178573384892,3.5));
#3614=CARTESIAN_POINT('Origin',(-80.261330801265,11.3017857338489,3.5));
#3615=CARTESIAN_POINT('',(-80.261330801265,11.3017857338489,3.5));
#3616=CARTESIAN_POINT('',(-80.261330801265,24.3017857338489,3.5));
#3617=CARTESIAN_POINT('',(-80.261330801265,24.3017857338489,3.5));
#3618=CARTESIAN_POINT('',(-80.261330801265,24.3017857338489,6.5));
#3619=CARTESIAN_POINT('',(-80.261330801265,24.3017857338489,3.5));
#3620=CARTESIAN_POINT('',(-80.261330801265,11.3017857338489,6.5));
#3621=CARTESIAN_POINT('',(-80.261330801265,24.3017857338489,6.5));
#3622=CARTESIAN_POINT('',(-80.261330801265,11.3017857338489,3.5));
#3623=CARTESIAN_POINT('Origin',(-79.761330801265,11.3017857338489,3.5));
#3624=CARTESIAN_POINT('',(-79.761330801265,10.8017857338489,3.5));
#3625=CARTESIAN_POINT('Origin',(-79.761330801265,11.3017857338489,3.5));
#3626=CARTESIAN_POINT('',(-79.761330801265,10.8017857338489,6.5));
#3627=CARTESIAN_POINT('Origin',(-79.761330801265,11.3017857338489,6.5));
#3628=CARTESIAN_POINT('',(-79.761330801265,10.8017857338489,3.5));
#3629=CARTESIAN_POINT('Origin',(-66.761330801265,10.8017857338489,3.5));
#3630=CARTESIAN_POINT('',(-66.761330801265,10.8017857338489,3.5));
#3631=CARTESIAN_POINT('',(-79.761330801265,10.8017857338489,3.5));
#3632=CARTESIAN_POINT('',(-66.761330801265,10.8017857338489,6.5));
#3633=CARTESIAN_POINT('',(-79.761330801265,10.8017857338489,6.5));
#3634=CARTESIAN_POINT('',(-66.761330801265,10.8017857338489,3.5));
#3635=CARTESIAN_POINT('Origin',(-66.761330801265,11.3017857338489,3.5));
#3636=CARTESIAN_POINT('',(-66.261330801265,11.3017857338489,3.5));
#3637=CARTESIAN_POINT('Origin',(-66.761330801265,11.3017857338489,3.5));
#3638=CARTESIAN_POINT('',(-66.261330801265,11.3017857338489,6.5));
#3639=CARTESIAN_POINT('Origin',(-66.761330801265,11.3017857338489,6.5));
#3640=CARTESIAN_POINT('',(-66.261330801265,11.3017857338489,3.5));
#3641=CARTESIAN_POINT('Origin',(-66.261330801265,24.3017857338489,3.5));
#3642=CARTESIAN_POINT('',(-66.261330801265,24.3017857338489,3.5));
#3643=CARTESIAN_POINT('',(-66.261330801265,24.3017857338489,3.5));
#3644=CARTESIAN_POINT('',(-66.261330801265,24.3017857338489,6.5));
#3645=CARTESIAN_POINT('',(-66.261330801265,24.3017857338489,6.5));
#3646=CARTESIAN_POINT('',(-66.261330801265,24.3017857338489,3.5));
#3647=CARTESIAN_POINT('Origin',(-66.761330801265,24.3017857338489,3.5));
#3648=CARTESIAN_POINT('',(-66.761330801265,24.8017857338489,3.5));
#3649=CARTESIAN_POINT('Origin',(-66.761330801265,24.3017857338489,3.5));
#3650=CARTESIAN_POINT('',(-66.761330801265,24.8017857338489,6.5));
#3651=CARTESIAN_POINT('Origin',(-66.761330801265,24.3017857338489,6.5));
#3652=CARTESIAN_POINT('',(-66.761330801265,24.8017857338489,3.5));
#3653=CARTESIAN_POINT('Origin',(-79.761330801265,24.8017857338489,3.5));
#3654=CARTESIAN_POINT('',(-79.761330801265,24.8017857338489,3.5));
#3655=CARTESIAN_POINT('',(-79.761330801265,24.8017857338489,3.5));
#3656=CARTESIAN_POINT('',(-79.761330801265,24.8017857338489,6.5));
#3657=CARTESIAN_POINT('',(-79.761330801265,24.8017857338489,6.5));
#3658=CARTESIAN_POINT('',(-79.761330801265,24.8017857338489,3.5));
#3659=CARTESIAN_POINT('Origin',(-79.761330801265,24.3017857338489,3.5));
#3660=CARTESIAN_POINT('Origin',(-79.761330801265,24.3017857338489,3.5));
#3661=CARTESIAN_POINT('Origin',(-79.761330801265,24.3017857338489,6.5));
#3662=CARTESIAN_POINT('Origin',(-97.411330801265,11.3017857338489,3.5));
#3663=CARTESIAN_POINT('',(-97.411330801265,11.3017857338489,3.5));
#3664=CARTESIAN_POINT('',(-97.411330801265,24.3017857338489,3.5));
#3665=CARTESIAN_POINT('',(-97.411330801265,24.3017857338489,3.5));
#3666=CARTESIAN_POINT('',(-97.411330801265,24.3017857338489,6.5));
#3667=CARTESIAN_POINT('',(-97.411330801265,24.3017857338489,3.5));
#3668=CARTESIAN_POINT('',(-97.411330801265,11.3017857338489,6.5));
#3669=CARTESIAN_POINT('',(-97.411330801265,24.3017857338489,6.5));
#3670=CARTESIAN_POINT('',(-97.411330801265,11.3017857338489,3.5));
#3671=CARTESIAN_POINT('Origin',(-96.911330801265,11.3017857338489,3.5));
#3672=CARTESIAN_POINT('',(-96.911330801265,10.8017857338489,3.5));
#3673=CARTESIAN_POINT('Origin',(-96.911330801265,11.3017857338489,3.5));
#3674=CARTESIAN_POINT('',(-96.911330801265,10.8017857338489,6.5));
#3675=CARTESIAN_POINT('Origin',(-96.911330801265,11.3017857338489,6.5));
#3676=CARTESIAN_POINT('',(-96.911330801265,10.8017857338489,3.5));
#3677=CARTESIAN_POINT('Origin',(-83.911330801265,10.8017857338489,3.5));
#3678=CARTESIAN_POINT('',(-83.911330801265,10.8017857338489,3.5));
#3679=CARTESIAN_POINT('',(-96.911330801265,10.8017857338489,3.5));
#3680=CARTESIAN_POINT('',(-83.911330801265,10.8017857338489,6.5));
#3681=CARTESIAN_POINT('',(-96.911330801265,10.8017857338489,6.5));
#3682=CARTESIAN_POINT('',(-83.911330801265,10.8017857338489,3.5));
#3683=CARTESIAN_POINT('Origin',(-83.911330801265,11.3017857338489,3.5));
#3684=CARTESIAN_POINT('',(-83.411330801265,11.3017857338489,3.5));
#3685=CARTESIAN_POINT('Origin',(-83.911330801265,11.3017857338489,3.5));
#3686=CARTESIAN_POINT('',(-83.411330801265,11.3017857338489,6.5));
#3687=CARTESIAN_POINT('Origin',(-83.911330801265,11.3017857338489,6.5));
#3688=CARTESIAN_POINT('',(-83.411330801265,11.3017857338489,3.5));
#3689=CARTESIAN_POINT('Origin',(-83.411330801265,24.3017857338489,3.5));
#3690=CARTESIAN_POINT('',(-83.411330801265,24.3017857338489,3.5));
#3691=CARTESIAN_POINT('',(-83.411330801265,24.3017857338489,3.5));
#3692=CARTESIAN_POINT('',(-83.411330801265,24.3017857338489,6.5));
#3693=CARTESIAN_POINT('',(-83.411330801265,24.3017857338489,6.5));
#3694=CARTESIAN_POINT('',(-83.411330801265,24.3017857338489,3.5));
#3695=CARTESIAN_POINT('Origin',(-83.911330801265,24.3017857338489,3.5));
#3696=CARTESIAN_POINT('',(-83.911330801265,24.8017857338489,3.5));
#3697=CARTESIAN_POINT('Origin',(-83.911330801265,24.3017857338489,3.5));
#3698=CARTESIAN_POINT('',(-83.911330801265,24.8017857338489,6.5));
#3699=CARTESIAN_POINT('Origin',(-83.911330801265,24.3017857338489,6.5));
#3700=CARTESIAN_POINT('',(-83.911330801265,24.8017857338489,3.5));
#3701=CARTESIAN_POINT('Origin',(-96.911330801265,24.8017857338489,3.5));
#3702=CARTESIAN_POINT('',(-96.911330801265,24.8017857338489,3.5));
#3703=CARTESIAN_POINT('',(-96.911330801265,24.8017857338489,3.5));
#3704=CARTESIAN_POINT('',(-96.911330801265,24.8017857338489,6.5));
#3705=CARTESIAN_POINT('',(-96.911330801265,24.8017857338489,6.5));
#3706=CARTESIAN_POINT('',(-96.911330801265,24.8017857338489,3.5));
#3707=CARTESIAN_POINT('Origin',(-96.911330801265,24.3017857338489,3.5));
#3708=CARTESIAN_POINT('Origin',(-96.911330801265,24.3017857338489,3.5));
#3709=CARTESIAN_POINT('Origin',(-96.911330801265,24.3017857338489,6.5));
#3710=CARTESIAN_POINT('Origin',(-63.111330801265,11.3017857338489,3.5));
#3711=CARTESIAN_POINT('',(-63.111330801265,11.3017857338489,3.5));
#3712=CARTESIAN_POINT('',(-63.111330801265,24.3017857338489,3.5));
#3713=CARTESIAN_POINT('',(-63.111330801265,24.3017857338489,3.5));
#3714=CARTESIAN_POINT('',(-63.111330801265,24.3017857338489,6.5));
#3715=CARTESIAN_POINT('',(-63.111330801265,24.3017857338489,3.5));
#3716=CARTESIAN_POINT('',(-63.111330801265,11.3017857338489,6.5));
#3717=CARTESIAN_POINT('',(-63.111330801265,24.3017857338489,6.5));
#3718=CARTESIAN_POINT('',(-63.111330801265,11.3017857338489,3.5));
#3719=CARTESIAN_POINT('Origin',(-62.611330801265,11.3017857338489,3.5));
#3720=CARTESIAN_POINT('',(-62.611330801265,10.8017857338489,3.5));
#3721=CARTESIAN_POINT('Origin',(-62.611330801265,11.3017857338489,3.5));
#3722=CARTESIAN_POINT('',(-62.611330801265,10.8017857338489,6.5));
#3723=CARTESIAN_POINT('Origin',(-62.611330801265,11.3017857338489,6.5));
#3724=CARTESIAN_POINT('',(-62.611330801265,10.8017857338489,3.5));
#3725=CARTESIAN_POINT('Origin',(-49.611330801265,10.8017857338489,3.5));
#3726=CARTESIAN_POINT('',(-49.611330801265,10.8017857338489,3.5));
#3727=CARTESIAN_POINT('',(-62.611330801265,10.8017857338489,3.5));
#3728=CARTESIAN_POINT('',(-49.611330801265,10.8017857338489,6.5));
#3729=CARTESIAN_POINT('',(-62.611330801265,10.8017857338489,6.5));
#3730=CARTESIAN_POINT('',(-49.611330801265,10.8017857338489,3.5));
#3731=CARTESIAN_POINT('Origin',(-49.611330801265,11.3017857338489,3.5));
#3732=CARTESIAN_POINT('',(-49.111330801265,11.3017857338489,3.5));
#3733=CARTESIAN_POINT('Origin',(-49.611330801265,11.3017857338489,3.5));
#3734=CARTESIAN_POINT('',(-49.111330801265,11.3017857338489,6.5));
#3735=CARTESIAN_POINT('Origin',(-49.611330801265,11.3017857338489,6.5));
#3736=CARTESIAN_POINT('',(-49.111330801265,11.3017857338489,3.5));
#3737=CARTESIAN_POINT('Origin',(-49.111330801265,24.3017857338489,3.5));
#3738=CARTESIAN_POINT('',(-49.111330801265,24.3017857338489,3.5));
#3739=CARTESIAN_POINT('',(-49.111330801265,24.3017857338489,3.5));
#3740=CARTESIAN_POINT('',(-49.111330801265,24.3017857338489,6.5));
#3741=CARTESIAN_POINT('',(-49.111330801265,24.3017857338489,6.5));
#3742=CARTESIAN_POINT('',(-49.111330801265,24.3017857338489,3.5));
#3743=CARTESIAN_POINT('Origin',(-49.611330801265,24.3017857338489,3.5));
#3744=CARTESIAN_POINT('',(-49.611330801265,24.8017857338489,3.5));
#3745=CARTESIAN_POINT('Origin',(-49.611330801265,24.3017857338489,3.5));
#3746=CARTESIAN_POINT('',(-49.611330801265,24.8017857338489,6.5));
#3747=CARTESIAN_POINT('Origin',(-49.611330801265,24.3017857338489,6.5));
#3748=CARTESIAN_POINT('',(-49.611330801265,24.8017857338489,3.5));
#3749=CARTESIAN_POINT('Origin',(-62.611330801265,24.8017857338489,3.5));
#3750=CARTESIAN_POINT('',(-62.611330801265,24.8017857338489,3.5));
#3751=CARTESIAN_POINT('',(-62.611330801265,24.8017857338489,3.5));
#3752=CARTESIAN_POINT('',(-62.611330801265,24.8017857338489,6.5));
#3753=CARTESIAN_POINT('',(-62.611330801265,24.8017857338489,6.5));
#3754=CARTESIAN_POINT('',(-62.611330801265,24.8017857338489,3.5));
#3755=CARTESIAN_POINT('Origin',(-62.611330801265,24.3017857338489,3.5));
#3756=CARTESIAN_POINT('Origin',(-62.611330801265,24.3017857338489,3.5));
#3757=CARTESIAN_POINT('Origin',(-62.611330801265,24.3017857338489,6.5));
#3758=CARTESIAN_POINT('Origin',(-98.986330801265,24.9517857338489,3.5));
#3759=CARTESIAN_POINT('',(-98.986330801265,10.6517857338489,3.5));
#3760=CARTESIAN_POINT('',(-98.986330801265,24.9517857338489,3.5));
#3761=CARTESIAN_POINT('',(-98.986330801265,10.6517857338489,3.5));
#3762=CARTESIAN_POINT('',(-98.986330801265,10.6517857338489,6.5));
#3763=CARTESIAN_POINT('',(-98.986330801265,10.6517857338489,3.5));
#3764=CARTESIAN_POINT('',(-98.986330801265,24.9517857338489,6.5));
#3765=CARTESIAN_POINT('',(-98.986330801265,10.6517857338489,6.5));
#3766=CARTESIAN_POINT('',(-98.986330801265,24.9517857338489,3.5));
#3767=CARTESIAN_POINT('Origin',(-47.536330801265,24.9517857338489,3.5));
#3768=CARTESIAN_POINT('',(-47.536330801265,24.9517857338489,3.5));
#3769=CARTESIAN_POINT('',(-98.986330801265,24.9517857338489,3.5));
#3770=CARTESIAN_POINT('',(-47.536330801265,24.9517857338489,6.5));
#3771=CARTESIAN_POINT('',(-98.986330801265,24.9517857338489,6.5));
#3772=CARTESIAN_POINT('',(-47.536330801265,24.9517857338489,3.5));
#3773=CARTESIAN_POINT('Origin',(-47.536330801265,10.6517857338489,3.5));
#3774=CARTESIAN_POINT('',(-47.536330801265,10.6517857338489,3.5));
#3775=CARTESIAN_POINT('',(-47.536330801265,10.6517857338489,3.5));
#3776=CARTESIAN_POINT('',(-47.536330801265,10.6517857338489,6.5));
#3777=CARTESIAN_POINT('',(-47.536330801265,10.6517857338489,6.5));
#3778=CARTESIAN_POINT('',(-47.536330801265,10.6517857338489,3.5));
#3779=CARTESIAN_POINT('Origin',(-98.986330801265,10.6517857338489,3.5));
#3780=CARTESIAN_POINT('',(-98.986330801265,10.6517857338489,3.5));
#3781=CARTESIAN_POINT('',(-98.986330801265,10.6517857338489,6.5));
#3782=CARTESIAN_POINT('Origin',(-73.261330801265,17.8017857338489,6.5));
#3783=CARTESIAN_POINT('Origin',(-73.261330801265,17.8017857338489,3.5));
#3784=CARTESIAN_POINT('Origin',(-73.3,3.55,-6.93889390390723E-16));
#3785=CARTESIAN_POINT('',(-109.,35.,-6.93889390390723E-16));
#3786=CARTESIAN_POINT('',(-109.,-27.9,-6.93889390390723E-16));
#3787=CARTESIAN_POINT('',(-109.,19.275,-6.93889390390723E-16));
#3788=CARTESIAN_POINT('',(-37.6,35.,-6.93889390390723E-16));
#3789=CARTESIAN_POINT('',(-55.45,35.,-6.93889390390723E-16));
#3790=CARTESIAN_POINT('',(-37.6,-27.9,-6.93889390390723E-16));
#3791=CARTESIAN_POINT('',(-37.6,-12.175,-6.93889390390723E-16));
#3792=CARTESIAN_POINT('',(-91.15,-27.9,-6.93889390390723E-16));
#3793=CARTESIAN_POINT('',(-44.0731579117744,-22.7211615121634,-6.93889390390723E-16));
#3794=CARTESIAN_POINT('Origin',(-42.6231579117744,-22.7211615121634,-6.93889390390723E-16));
#3795=CARTESIAN_POINT('',(-105.45,-22.7211615121634,-6.93889390390723E-16));
#3796=CARTESIAN_POINT('Origin',(-104.,-22.7211615121634,-6.93889390390723E-16));
#3797=CARTESIAN_POINT('',(-44.0731579117744,30.,-6.93889390390723E-16));
#3798=CARTESIAN_POINT('Origin',(-42.6231579117744,30.,-6.93889390390723E-16));
#3799=CARTESIAN_POINT('',(-105.45,30.,-6.93889390390723E-16));
#3800=CARTESIAN_POINT('Origin',(-104.,30.,-6.93889390390723E-16));
#3801=CARTESIAN_POINT('',(-47.6,25.,-6.93889390390723E-16));
#3802=CARTESIAN_POINT('',(-47.6,-17.9,-6.93889390390723E-16));
#3803=CARTESIAN_POINT('',(-47.6,14.275,-6.93889390390723E-16));
#3804=CARTESIAN_POINT('',(-99.,25.,-6.93889390390723E-16));
#3805=CARTESIAN_POINT('',(-86.15,25.,-6.93889390390723E-16));
#3806=CARTESIAN_POINT('',(-99.,-17.9,-6.93889390390723E-16));
#3807=CARTESIAN_POINT('',(-99.,-7.175,-6.93889390390723E-16));
#3808=CARTESIAN_POINT('',(-60.45,-17.9,-6.93889390390723E-16));
#3809=CARTESIAN_POINT('Origin',(-99.,-17.9,-6.5));
#3810=CARTESIAN_POINT('',(-99.,25.,6.5));
#3811=CARTESIAN_POINT('',(-99.,25.,-6.5));
#3812=CARTESIAN_POINT('',(-99.,-17.9,6.5));
#3813=CARTESIAN_POINT('',(-99.,-17.9,6.5));
#3814=CARTESIAN_POINT('',(-99.,-17.9,-6.5));
#3815=CARTESIAN_POINT('Origin',(-99.,25.,-6.5));
#3816=CARTESIAN_POINT('',(-47.6,25.,6.5));
#3817=CARTESIAN_POINT('',(-47.6,25.,-6.5));
#3818=CARTESIAN_POINT('',(-99.,25.,6.5));
#3819=CARTESIAN_POINT('Origin',(-37.6,-27.9,-6.5));
#3820=CARTESIAN_POINT('',(-37.6,35.,6.5));
#3821=CARTESIAN_POINT('',(-37.6,35.,-6.5));
#3822=CARTESIAN_POINT('',(-37.6,-27.9,6.5));
#3823=CARTESIAN_POINT('',(-37.6,35.,6.5));
#3824=CARTESIAN_POINT('',(-37.6,-27.9,-6.5));
#3825=CARTESIAN_POINT('Origin',(-37.6,35.,-6.5));
#3826=CARTESIAN_POINT('',(-109.,35.,6.5));
#3827=CARTESIAN_POINT('',(-109.,35.,-6.5));
#3828=CARTESIAN_POINT('',(-109.,35.,6.5));
#3829=CARTESIAN_POINT('Origin',(-47.6,25.,-6.5));
#3830=CARTESIAN_POINT('',(-47.6,-17.9,6.5));
#3831=CARTESIAN_POINT('',(-47.6,-17.9,-6.5));
#3832=CARTESIAN_POINT('',(-47.6,25.,6.5));
#3833=CARTESIAN_POINT('Origin',(-47.6,-17.9,-6.5));
#3834=CARTESIAN_POINT('',(-47.6,-17.9,6.5));
#3835=CARTESIAN_POINT('Origin',(-104.,30.,-6.5));
#3836=CARTESIAN_POINT('',(-105.45,30.,6.5));
#3837=CARTESIAN_POINT('Origin',(-104.,30.,6.5));
#3838=CARTESIAN_POINT('',(-105.45,30.,-6.5));
#3839=CARTESIAN_POINT('Origin',(-42.6231579117744,30.,-6.5));
#3840=CARTESIAN_POINT('',(-44.0731579117744,30.,6.5));
#3841=CARTESIAN_POINT('Origin',(-42.6231579117744,30.,6.5));
#3842=CARTESIAN_POINT('',(-44.0731579117744,30.,-6.5));
#3843=CARTESIAN_POINT('Origin',(-104.,-22.7211615121634,-6.5));
#3844=CARTESIAN_POINT('',(-105.45,-22.7211615121634,6.5));
#3845=CARTESIAN_POINT('Origin',(-104.,-22.7211615121634,6.5));
#3846=CARTESIAN_POINT('',(-105.45,-22.7211615121634,-6.5));
#3847=CARTESIAN_POINT('Origin',(-42.6231579117744,-22.7211615121634,-6.5));
#3848=CARTESIAN_POINT('',(-44.0731579117744,-22.7211615121634,6.5));
#3849=CARTESIAN_POINT('Origin',(-42.6231579117744,-22.7211615121634,6.5));
#3850=CARTESIAN_POINT('',(-44.0731579117744,-22.7211615121634,-6.5));
#3851=CARTESIAN_POINT('Origin',(-109.,35.,-6.5));
#3852=CARTESIAN_POINT('',(-109.,-27.9,6.5));
#3853=CARTESIAN_POINT('',(-109.,-27.9,-6.5));
#3854=CARTESIAN_POINT('',(-109.,-27.9,6.5));
#3855=CARTESIAN_POINT('Origin',(-109.,-27.9,-6.5));
#3856=CARTESIAN_POINT('',(-37.6,-27.9,6.5));
#3857=CARTESIAN_POINT('Origin',(-73.3,3.55,6.5));
#3858=UNCERTAINTY_MEASURE_WITH_UNIT(LENGTH_MEASURE(0.01),#3862,
'DISTANCE_ACCURACY_VALUE',
'Maximum model space distance between geometric entities at asserted c
onnectivities');
#3859=UNCERTAINTY_MEASURE_WITH_UNIT(LENGTH_MEASURE(0.01),#3862,
'DISTANCE_ACCURACY_VALUE',
'Maximum model space distance between geometric entities at asserted c
onnectivities');
#3860=(
GEOMETRIC_REPRESENTATION_CONTEXT(3)
GLOBAL_UNCERTAINTY_ASSIGNED_CONTEXT((#3858))
GLOBAL_UNIT_ASSIGNED_CONTEXT((#3862,#3864,#3865))
REPRESENTATION_CONTEXT('','3D')
);
#3861=(
GEOMETRIC_REPRESENTATION_CONTEXT(3)
GLOBAL_UNCERTAINTY_ASSIGNED_CONTEXT((#3859))
GLOBAL_UNIT_ASSIGNED_CONTEXT((#3862,#3864,#3865))
REPRESENTATION_CONTEXT('','3D')
);
#3862=(
LENGTH_UNIT()
NAMED_UNIT(*)
SI_UNIT(.MILLI.,.METRE.)
);
#3863=(
LENGTH_UNIT()
NAMED_UNIT(*)
SI_UNIT($,.METRE.)
);
#3864=(
NAMED_UNIT(*)
PLANE_ANGLE_UNIT()
SI_UNIT($,.RADIAN.)
);
#3865=(
NAMED_UNIT(*)
SI_UNIT($,.STERADIAN.)
SOLID_ANGLE_UNIT()
);
#3866=SHAPE_DEFINITION_REPRESENTATION(#3867,#3868);
#3867=PRODUCT_DEFINITION_SHAPE('',$,#3870);
#3868=SHAPE_REPRESENTATION('',(#2338),#3860);
#3869=PRODUCT_DEFINITION_CONTEXT('part definition',#3874,'design');
#3870=PRODUCT_DEFINITION('2026-09-25-08-35-41-918','NumPad',#3871,#3869);
#3871=PRODUCT_DEFINITION_FORMATION('',$,#3876);
#3872=PRODUCT_RELATED_PRODUCT_CATEGORY('NumPad','NumPad',(#3876));
#3873=APPLICATION_PROTOCOL_DEFINITION('international standard',
'automotive_design',2009,#3874);
#3874=APPLICATION_CONTEXT(
'Core Data for Automotive Mechanical Design Process');
#3875=PRODUCT_CONTEXT('part definition',#3874,'mechanical');
#3876=PRODUCT('2026-09-25-08-35-41-918','NumPad',$,(#3875));
#3877=PRESENTATION_STYLE_ASSIGNMENT((#3878));
#3878=SURFACE_STYLE_USAGE(.BOTH.,#3879);
#3879=SURFACE_SIDE_STYLE('',(#3880));
#3880=SURFACE_STYLE_FILL_AREA(#3881);
#3881=FILL_AREA_STYLE('Steel - Satin',(#3882));
#3882=FILL_AREA_STYLE_COLOUR('Steel - Satin',#3883);
#3883=COLOUR_RGB('Steel - Satin',0.627450980392157,0.627450980392157,0.627450980392157);
ENDSEC;
END-ISO-10303-21;
